company,repository.full_name,num_authors,num_commits
Amazon.com,106848748/gitlab-ce,1,1
Amazon.com,106848748/gitlab-ce2,1,1
Amazon.com,4ad/go,1,1
Amazon.com,aalice072/AWS,1,2
Amazon.com,AICP/device_samsung_klte,1,1
Amazon.com,amazon-archives/amazon-cognito-identity-js,1,4
Amazon.com,amazon-archives/aws-week-in-review,1,1
Amazon.com,amzn/amazon-pay-sdk-csharp,1,5
Amazon.com,amzn/amazon-pay-sdk-java,1,1
Amazon.com,amzn/ion-c,1,30
Amazon.com,amzn/ion-java,1,6
Amazon.com,amzn/ion-python,1,11
Amazon.com,amzn/ion-test-driver,1,12
Amazon.com,amzn/ion-tests,1,15
Amazon.com,Android-Oreo-Samsung-Devices/android_device_samsung_klte-common,1,2
Amazon.com,anhongyue/test222,1,1
Amazon.com,aohaili/gitlab_zh,1,1
Amazon.com,aol/mrcrypt,1,23
Amazon.com,AOSP-JF/platform_bionic,1,1
Amazon.com,AOSPA-L/android_device_samsung_klte-common,1,1
Amazon.com,avelino/awesome-go,1,1
Amazon.com,aws-samples/aws-cfn-go-template,1,2
Amazon.com,aws-samples/aws-go-wordfreq-sample,1,6
Amazon.com,aws-samples/aws-mobile-appsync-events-starter-android,1,5
Amazon.com,aws-samples/aws-mobile-appsync-events-starter-ios,2,8
Amazon.com,aws/aws-extensions-for-dotnet-cli,1,1
Amazon.com,aws/aws-lambda-dotnet,1,7
Amazon.com,aws/aws-mobilehub-helper-ios,2,56
Amazon.com,awsdocs/aws-doc-sdk-examples,3,17
Amazon.com,awsdocs/aws-go-developer-guide,1,3
Amazon.com,awsdocs/aws-ios-developer-guide,1,1
Amazon.com,awsdocs/aws-powershell-user-guide,1,3
Amazon.com,awsdocs/aws-toolkit-visual-studio-user-guide,1,2
Amazon.com,awslabs/aws-encryption-sdk-java,1,3
Amazon.com,awslabs/aws-encryption-sdk-python,1,28
Amazon.com,awslabs/aws-encryption-sdk-test-vectors,1,5
Amazon.com,awslabs/aws-mobile-appsync-sdk-ios,1,1
Amazon.com,awslabs/aws-sdk-ios-samples,2,22
Amazon.com,awslabs/aws-sdk-net-samples,1,2
Amazon.com,awslabs/base64io-python,1,13
Amazon.com,axel-download-accelerator/axel,1,1
Amazon.com,badowl/android_device_samsung_klte,1,1
Amazon.com,badowl/android_device_samsung_klte-common,1,2
Amazon.com,bendikro/golang-fixed,1,1
Amazon.com,bford/go,1,1
Amazon.com,boto/s3transfer,1,1
Amazon.com,bradfitz/go-mirror-test,1,1
Amazon.com,brocknanthony/Mvmnew,1,4
Amazon.com,buzzdeee/gitlab-ce-old,1,1
Amazon.com,chargen/mxetest,1,2
Amazon.com,ChimeraCoder/koro,1,1
Amazon.com,chjsun/gitlab_zh_CN,1,1
Amazon.com,clj198606061111/gitlab-ce,1,1
Amazon.com,cloudflare/go,1,1
Amazon.com,CodeOverload/nautilus,1,1
Amazon.com,codepalma/boto3-dump,1,3
Amazon.com,codesome/go,1,1
Amazon.com,corso75/golang,1,1
Amazon.com,cthbleachbit/nautilus-desktop,1,1
Amazon.com,CyanogenMod/android_device_samsung_klte,1,1
Amazon.com,daiyu/gitlab-zh,1,1
Amazon.com,datacratic/aws-sdk-go,1,1
Amazon.com,davidhalter/jedi,1,1
Amazon.com,derekparker/delve,1,2
Amazon.com,desay-sv/testing,1,1
Amazon.com,DirtyUnicorns/android_device_samsung_klte,1,1
Amazon.com,Dragoon013/gtr,1,11
Amazon.com,Dream-OS/frameworks_base,1,1
Amazon.com,dreampet/gitlab,1,1
Amazon.com,EdikWang/gitlab,1,1
Amazon.com,errantzebra845/frameworks_base,1,1
Amazon.com,etingof/pysnmp,1,12
Amazon.com,Felix-mrf/gitlab-zh,1,1
Amazon.com,filipevarjao/go,1,1
Amazon.com,fjballest/golang,1,1
Amazon.com,flyinox/gosm,1,1
Amazon.com,fuchsia-mirror/third_party-go,1,1
Amazon.com,Fusion-Devices/android_device_samsung_klte-common,1,1
Amazon.com,gamerman123x/frameworks_base,1,1
Amazon.com,gazachin/bp_frameworks_base,1,1
Amazon.com,GeorgesStavracas/eos-file-manager,1,1
Amazon.com,github/linguist,1,1
Amazon.com,gleroi/go,1,1
Amazon.com,Go-zh/go.old,1,1
Amazon.com,golang/go,1,1
Amazon.com,golang2/go2,1,1
Amazon.com,goodlang/good,1,1
Amazon.com,groom-org/groom,1,26
Amazon.com,gucumber/gucumber,1,1
Amazon.com,haggertk/android_device_samsung_kltedcm,1,1
Amazon.com,Harvey-OS/go,1,1
Amazon.com,HaythemKbs/first-github-project-linguist,1,1
Amazon.com,Helflym/golangAIX,1,1
Amazon.com,hhf666feng/gitlab,1,1
Amazon.com,htve/GitlabForChinese,1,1
Amazon.com,hu19891110/gitlab-ee,1,1
Amazon.com,IBM/ibm-cos-sdk-js,1,99
Amazon.com,iiet/iiet-git,1,1
Amazon.com,ioflo/floscript_linguist,1,1
Amazon.com,jakop345/gitlab-ce,1,1
Amazon.com,jasdel/explore,1,9
Amazon.com,jasdel/go-onebusaway,1,4
Amazon.com,jasdel/linalg,1,4
Amazon.com,jasondelponte/Apollo,1,1
Amazon.com,jasondelponte/models,1,4
Amazon.com,jasondelponte/perlinnoise,1,1
Amazon.com,jiaoyilun/android_frameworks_base,1,1
Amazon.com,jinlong80/aws-sdk-android-samples,2,4
Amazon.com,jishilimin/gitlab,1,1
Amazon.com,jlerner/aws-sdk-ios,2,9
Amazon.com,jmespath/go-jmespath,1,1
Amazon.com,jmosky12/BMUNapp,2,77
Amazon.com,jnwhiteh/golang,1,1
Amazon.com,josharian/goo,1,1
Amazon.com,jrtkcoder/GitLab,1,1
Amazon.com,juneb/base64io-python,1,13
Amazon.com,kshivang/SmartChit,1,1
Amazon.com,l2dy/go-mips32le,1,1
Amazon.com,lfjfrankie/gitlab_zh,1,1
Amazon.com,libarchive/libarchive,1,2
Amazon.com,LineageOS/android_device_samsung_klte-common,1,2
Amazon.com,linuxmint/Cinnamon,1,4
Amazon.com,liske/needrestart,1,1
Amazon.com,ljfranklin/go,1,1
Amazon.com,lsegal/yard-go,1,1
Amazon.com,lucified/gitlab-ce,1,1
Amazon.com,LuckieBTnH/android_device_samsung_klte,1,1
Amazon.com,luoyt/gitlab-zh,1,1
Amazon.com,magicknight/gitlab,1,1
Amazon.com,malvira/go,1,1
Amazon.com,mateor/OpenPDroidPatches,1,1
Amazon.com,minbi/heart-bleeds-site,1,1
Amazon.com,minbi/s3transfermanager-objc-sample,1,2
Amazon.com,minux/go-windows,1,1
Amazon.com,MoKee/android_device_samsung_klte-common,1,1
Amazon.com,MoKee/android_device_samsung_kltekor,1,1
Amazon.com,monorailnyc/aws-sdk-ios-samples,2,7
Amazon.com,mydongistiny/android_bionic,1,1
Amazon.com,ncaston/week-in-review2,1,1
Amazon.com,nsajko/go,1,1
Amazon.com,OpenPDroid/OpenPDroidPatches,1,1
Amazon.com,OwnROM-Devices/android_device_samsung_klte-common,1,1
Amazon.com,paulfryer/dotnetonaws,1,1
Amazon.com,prajaktatathavadkar/ChainReplication,1,1
Amazon.com,preethisundar/aws-test,1,1
Amazon.com,preethisundar/aws-test2,1,1
Amazon.com,pyca/cryptography,1,1
Amazon.com,R41z/go-jehanne,1,1
Amazon.com,raghuveermadala/robinhood,1,1
Amazon.com,ranayasirnu/gdk,1,1
Amazon.com,rashadkm/mxe_review,1,1
Amazon.com,RazerRom/frameworks_base,1,1
Amazon.com,razvanm/vanadium-go-1.3,1,1
Amazon.com,rohandubal/TestRepository,1,1
Amazon.com,roperluo32/go_with_annotation,1,1
Amazon.com,sanko/Robinhood,1,1
Amazon.com,SaschaHaertel/AmazonAWS,1,71
Amazon.com,sayalee/shapes,1,3
Amazon.com,sayalee03/firewallfinal,1,5
Amazon.com,schintakinditesla/golang_git,1,1
Amazon.com,shawnl/go,1,1
Amazon.com,ShreyasKorgaonkar/sony_android_frameworks_base,1,1
Amazon.com,ShreyasKorgaonkar/x_android_framework_base,1,1
Amazon.com,simmi92/aws-lambda-dotnet,1,7
Amazon.com,simmi92/aws-sdk-net-samples,1,2
Amazon.com,SirVer/ultisnips,1,4
Amazon.com,skunkwerks/clive,1,1
Amazon.com,SlimRoms/device_samsung_klte-common,1,2
Amazon.com,SlimRoms/device_samsung_mondrianwifi,1,1
Amazon.com,stealthycoin/cabrillo-college,1,2
Amazon.com,stealthycoin/CC-Support,1,6
Amazon.com,stealthycoin/henry-ai-challenges,1,10
Amazon.com,stealthycoin/latex,1,8
Amazon.com,stealthycoin/pyutils,1,1
Amazon.com,stealthycoin/repel,1,2
Amazon.com,stealthycoin/sctechpresentation,1,19
Amazon.com,stealthycoin/tour,1,11
Amazon.com,stealthycoin/toys,1,2
Amazon.com,stealthycoin/xmas-theme,1,8
Amazon.com,StelixROM/android_frameworks_base,1,1
Amazon.com,Sukikeita/gitlab-ce,1,1
Amazon.com,SwanSpouse/golang_source_code,1,1
Amazon.com,tagyangyang/gitlab-fork,1,1
Amazon.com,TeamExodus/device_samsung_klte-common,1,1
Amazon.com,TeamGlade/frameworks_base,1,1
Amazon.com,TheBr0ken/android_device_samsung_klte,1,1
Amazon.com,TheTypoMaster/frameworks_base-1,1,1
Amazon.com,timandy/gitlab-wfy,1,1
Amazon.com,tlimoncelli/go,1,1
Amazon.com,tomaslither/go,1,1
Amazon.com,unigornel/go,1,1
Amazon.com,vijay-khanna/AWS_Offiial_boto,1,8
Amazon.com,vim-scripts/python-imports.vim,1,2
Amazon.com,VyacheslavAlexeev/homebrew-core,1,5
Amazon.com,waterlink/go,1,1
Amazon.com,wesolows/golang-old,1,1
Amazon.com,wfxphoebus/gitlab,1,1
Amazon.com,wilg/xboxlivefriends,1,8
Amazon.com,xerrie1997/hello2,1,1
Amazon.com,xiongjungit/gitlab-zh,1,1
Amazon.com,XoplaxOS/android_frameworks_base,1,1
Amazon.com,ycoroneos/golang_embedded,1,1
Amazon.com,zos-go/go,1,1
Apple,330808349/gitignore,1,1
Apple,alaindenzler/clang,1,3
Apple,alblue/Examples,1,5
Apple,alblue/objectiveclipse,1,1
Apple,alblue/swiftclipse,1,3
Apple,alblue/vim-manifest,1,3
Apple,alienisty/workspacemechanic,1,3
Apple,ALTcLab/GitIgnoreFile,1,1
Apple,AltGr/camelus-testing-repo,1,1
Apple,andriydruk/swift-anycodable,1,1
Apple,andriydruk/swift-java-codegen,1,7
Apple,andriydruk/swift-java-codegen-sample,1,2
Apple,andriydruk/swift-java-coder,1,1
Apple,AnthonyLatsis/2048,1,3
Apple,AnthonyLatsis/Alerta,1,6
Apple,AnthonyLatsis/Anchora,1,12
Apple,AnthonyLatsis/Calculator,1,11
Apple,AnthonyLatsis/Convenia,1,2
Apple,AnthonyLatsis/Engine,1,2
Apple,AnthonyLatsis/Huffman,1,3
Apple,AnthonyLatsis/ShapeIt,1,4
Apple,AnthonyLatsis/STDStructures,1,1
Apple,apple/swift,1,27
Apple,apple/swift-corelibs-foundation,1,5
Apple,apple/swift-corelibs-xctest,1,1
Apple,apple/swift-llbuild,1,54
Apple,apple/swift-llvm,1,100
Apple,apple/swift-package-manager,1,1
Apple,ArchangelSDY/qtimageformats,1,4
Apple,asamoylenko/blackberry10-maven-plugin,1,1
Apple,ashang/aaron-gerrit,1,1
Apple,atlassian/org.eclipse.jgit-atlassian,1,2
Apple,axr/extras,1,4
Apple,axr/specification,1,21
Apple,bryangrimes/jira-term,1,2
Apple,bryant/newgvn-scalar-pre,1,38
Apple,buttoncywang/git-p5,1,1
Apple,catrope/gerrit,1,1
Apple,cheshire/tikzviewer,1,2
Apple,chinasuibaiyourong/cocoa,1,2
Apple,chyzh1689/gitignore,1,1
Apple,cmtice/llvm-experimental,1,2
Apple,CocoaPods/Specs,1,6
Apple,coolbela39/git-2,1,1
Apple,cprieto/pygments,1,1
Apple,czchen/qtbase,1,14
Apple,danielhean-mirror/qtquickcontrols,1,1
Apple,danielhean-mirror/qtserialport,1,1
Apple,ddopson/underscore-cli,1,4
Apple,demonrain/workspacemechanic,1,3
Apple,Distrotech/qtrepotools,1,3
Apple,djhoughton/eclipse.platform.resources,1,1
Apple,djhoughton/equinox.framework,1,5
Apple,dmbryson/testrunner,1,46
Apple,doctasmooth/Swift,1,1
Apple,drod2169/KernelSanders-OMAP,1,20
Apple,eclipse/eclipse.jdt.core,1,2
Apple,eclipse/eclipse.jdt.ui,1,1
Apple,eclipse/eclipse.platform.common,1,1
Apple,eclipse/mylyn.commons,1,1
Apple,everyonehelp/helpmeplz,1,1
Apple,farseerri/git_code,1,12
Apple,floriansemm/boris-bundle,1,6
Apple,FyreByrns/agrar,1,9
Apple,hector-client/hector,1,2
Apple,hellogyg/gitignore,1,1
Apple,HidemotoNakada/cassandra-udf,1,11
Apple,HuangAchilles/SCRecorderDemo,1,2
Apple,ifedorenko/eclipse.jdt.debug,1,1
Apple,ifedorenko/eclipse.platform.debug,1,3
Apple,ihower/facebox_render,1,4
Apple,insop/sched-deadline2,1,5
Apple,introspection-libc/llvm,1,36
Apple,itruett/workspacemechanic,1,3
Apple,j16sdiz/egit-freenet,1,6
Apple,jakepetroules/jakes-3d-mmo,1,1
Apple,jamescyvs/git-2,1,1
Apple,jordengit/Specs,1,4
Apple,kaomoneus/llvm.stepan.dyatkovskiy,1,74
Apple,kberg/workspacemechanic,1,3
Apple,ken31418/gti-p2,1,1
Apple,krzysztofzablocki/Sourcery,1,1
Apple,laveyko/gitignore,1,1
Apple,LiuLucien/gitignore,1,1
Apple,manGoweb/MimeLib,1,1
Apple,MarkZ3/org.eclipse.epp.packages,1,1
Apple,mdoninger/egit,1,4
Apple,minami-hao/eclipse,1,1
Apple,momokokuo/momo-ignore,1,1
Apple,muxi/grpc-pod,1,4
Apple,peterkir/workspacemechanic,1,3
Apple,PureFusionLLVM/clang,1,18
Apple,qt/qtgraphicaleffects,1,1
Apple,qtproject/installer-framework,1,4
Apple,r4start/clang-with-ms-abi-support,1,3
Apple,rain1991/eclipse,1,1
Apple,readdle/swift-android-buildtools,1,11
Apple,readdle/swift-android-toolchain,1,23
Apple,renchaorevee/gerrit,1,8
Apple,richardmg/qtcreator,1,2
Apple,rickard-von-essen/jgit,1,2
Apple,ryaugusta/swiftrepo,1,60
Apple,Saulis/gerrit,1,8
Apple,Savaged-Zen/Savaged-Zen-Speedy,1,20
Apple,spearce/jgit,1,3
Apple,star6539/p2,1,2
Apple,svenkatr/linux,1,15
Apple,TEAM-Gummy/android_external_clang,1,5
Apple,TeamEvo/htc-kernel-msm8660,1,20
Apple,tebriel/jira-cli,1,2
Apple,thiagodecarlo/cocoapods,1,5
Apple,thinkaurelius/titan-experimental,1,13
Apple,thkouob/git-p2,1,1
Apple,titanfu/git-p1,1,1
Apple,tjyrinki/qttools,1,5
Apple,TYPO3-infrastructure/gerrit,1,7
Apple,vulder/llvm-csv,1,18
Apple,woodruffw/homebrew-test,1,4
Apple,xedin/sasi,1,10
Apple,yjwong/android_kernel_samsung_galaxys2,1,20
Apple,zayass/adb-keyboard,1,3
Apple,zayass/boris-bundle,1,6
Apple,zayass/image-maven-plugin,1,8
Apple,zayass/maven-deployer-aar-issue-demo,1,1
Apple,zayass/Md5.WP7,1,2
Apple,zayass/php-interactive-console,1,2
Apple,zayass/swift-android-libxml-prebuilt,1,3
Apple,zayass/swift-android-logcat,1,3
Apple,zayass/swift-android-vagrant,1,4
Baidu,37780012/DVA,1,5
Baidu,ApolloAuto/apollo,1,2
Baidu,asimen1/chrome-ext-messenger,1,1
Baidu,Baidu-AIP/java-sdk,1,27
Baidu,Baidu-AIP/nodejs-sdk,1,7
Baidu,Baidu-AIP/sdk-demo,1,1
Baidu,baidu/rust-sgx-sdk,1,49
Baidu,baidu/san,2,9
Baidu,baidu/san-devtool,1,76
Baidu,baidu/san-router,1,16
Baidu,baidu/san-store,2,11
Baidu,baidu/san-website,2,5
Baidu,chnlang/baidu_apollo,1,2
Baidu,ChrisYue888/gittest,1,2
Baidu,cyan33/memoize,1,1
Baidu,cyyyu/read-last,1,3
Baidu,D12350/Apollo_Modified,1,2
Baidu,dingelish/cpc-md5,1,4
Baidu,dingelish/dftwin,1,7
Baidu,dingelish/dingelish.github.io,1,20
Baidu,ecomfe/amd-analyzer,1,1
Baidu,ecomfe/blog,1,2
Baidu,ecomfe/ecomfe.github.io,1,22
Baidu,ecomfe/edp,1,3
Baidu,ecomfe/efe-meta,1,3
Baidu,ecomfe/esl,1,15
Baidu,ecomfe/etpl,1,4
Baidu,ecomfe/san-factory,2,23
Baidu,ecomfe/san-mui,2,10
Baidu,ecomfe/spec,1,2
Baidu,ecomfe/vis-www,1,10
Baidu,errorrik/todos,1,1
Baidu,fex-team/fex-team.github.io,1,3
Baidu,flyhighzy/blog,1,1
Baidu,flyhighzy/blog-post,1,3
Baidu,flyhighzy/graduate,1,14
Baidu,flyhighzy/Hadoop-YARN-Dynamic-container,1,15
Baidu,flyhighzy/python_design_patterns,1,2
Baidu,flyhighzy/tools,1,1
Baidu,flyhighzy/WeiMode,1,1
Baidu,funnyGH/specification_copy,1,2
Baidu,hexojs/hexo-deployer-git,1,2
Baidu,ichord/simditor-dropzone,1,1
Baidu,intel/linux-sgx,1,3
Baidu,iTusC/Specification,1,2
Baidu,jerywang/jprobuff,1,59
Baidu,jhunters/docker_test,1,2
Baidu,jhunters/Jprotobuf-rpc-socket,1,39
Baidu,jianyu-m/linux-sgx,1,2
Baidu,JokeHe/gitest,1,2
Baidu,Justineo/vue-awesome,1,1
Baidu,krausest/js-framework-benchmark,1,2
Baidu,LeuisKen/codevs,1,7
Baidu,LeuisKen/ife-task-9-react,1,4
Baidu,LeuisKen/locaStorage-demo,1,6
Baidu,LeuisKen/mobile-polyfill,1,3
Baidu,LeuisKen/postcss-test,1,6
Baidu,LeuisKen/react-collection,1,5
Baidu,LeuisKen/voa-downloader,1,2
Baidu,liubao19860416/amaze-echarts,1,19
Baidu,loatheb/all-over-the-world,1,1
Baidu,loatheb/awsome-visualization,1,10
Baidu,loatheb/blockchain,1,17
Baidu,loatheb/elm,1,4
Baidu,loatheb/git-clone-hook,1,7
Baidu,loatheb/hangman-game,1,9
Baidu,loatheb/hedge-script,1,2
Baidu,loatheb/hexo-deployer-ci,1,1
Baidu,loatheb/hypernova-string,1,6
Baidu,loatheb/is-native-modules,1,17
Baidu,loatheb/microbundle,1,4
Baidu,loatheb/placeholder-loader,1,3
Baidu,loatheb/z-observable,1,1
Baidu,luyuan/luyuan.github.io,1,4
Baidu,luyuan/registwin,1,5
Baidu,luyuan/striking,1,1
Baidu,lvgreenTian/echart_component,1,1
Baidu,lvgreenTian/ife,1,7
Baidu,mathieuancelin/js-repaint-perfs,1,2
Baidu,mesalock-linux/mesalink,1,1
Baidu,meteorasd555/Algorithm_garbage,1,8
Baidu,meteorasd555/animation,1,5
Baidu,meteorasd555/apiserver,1,21
Baidu,meteorasd555/learn,1,1
Baidu,meteorasd555/photo_meteor,1,23
Baidu,meteorasd555/Puzzle_Game,1,1
Baidu,meteorasd555/smartSpritesNode,1,14
Baidu,meteorasd555/test,1,2
Baidu,mobxjs/mobx,1,1
Baidu,netease-youdao/hex,1,2
Baidu,netease-youdao/hex-samples,1,1
Baidu,Ovilia/CrowdAnimation,1,29
Baidu,Ovilia/PPKinecT,1,7
Baidu,Ovilia/qiao,1,15
Baidu,Ovilia/Randocy,1,7
Baidu,pinbob/Aya,1,1
Baidu,Pliman/practising,1,5
Baidu,qiqika/my_apollo,1,2
Baidu,qiuge227/spec,1,1
Baidu,ros/ros_comm,1,1
Baidu,rust-lang/rust-www,1,1
Baidu,rya2020/readimage,1,21
Baidu,ShanbayFE/forsythia,1,2
Baidu,StarStudio/book-manage,1,1
Baidu,StarStudio/love-letter,1,1
Baidu,StarStudio/meeting,1,2
Baidu,StarStudio/StarMVC,1,10
Baidu,StarStudio/Vote,1,4
Baidu,strikingly/hypernova-function,1,6
Baidu,szhjw/hjw,1,15
Baidu,TimoTokki/test,1,7
Baidu,vschiavoni/sgx-papers,1,1
Baidu,wuancake-backup/wuancake_web,1,1
Baidu,xcatliu/jekyllcn,1,7
Baidu,xiewf/echarts,1,19
Baidu,yesmeck/jquery-jsonview,1,3
Baidu,yulongzhang/cpp_verify_test,1,1
Cisco,491852809/ansible1,1,16
Cisco,ajdavila/ansible2,1,7
Cisco,alessandrod/gst-plugins-base,1,1
Cisco,alfredh/baresip,1,9
Cisco,alpinelinux/abuild,1,1
Cisco,an146/gst-plugins-good,1,1
Cisco,angry-tony/contiv-vpp,1,4
Cisco,angry-tony/vpp,1,4
Cisco,anjukibeti/vpnagra,1,2
Cisco,BigBrother-International/gst-plugins-good,1,2
Cisco,bix29/ast,1,16
Cisco,c3d2/SuperV3s,1,5
Cisco,cablelabs/gst-plugins-base,1,1
Cisco,cfoch/gst-plugins-good,1,2
Cisco,chamois94/gst-plugins-base,1,1
Cisco,chamois94/gst-plugins-good,1,2
Cisco,chihyoung/gst-plugins-base,1,1
Cisco,cisco/libsrtp,1,1
Cisco,cisco/node-kms,1,11
Cisco,cisco/node-scr,1,11
Cisco,CiscoDevNet/opendaylight-bootcamps,1,7
Cisco,CiscoDevNet/opendaylight-sample-apps,1,52
Cisco,CiscoDevNet/pathman-sr,1,1
Cisco,collects/gst-plugins-base,1,1
Cisco,collects/gst-plugins-good,1,2
Cisco,contiv/vpp,1,10
Cisco,dashpradeep99/Ansible,1,16
Cisco,Distrotech/gst-plugins-base,1,1
Cisco,donaldh/odl-netconf,1,1
Cisco,elisescu/gst-plugins-base,1,1
Cisco,erillfire/wusunyasuo,1,94
Cisco,fcrespo82/gst-plugins-base,1,1
Cisco,fluendo/gst-plugins-base,1,1
Cisco,fluendo/gst-plugins-good,1,1
Cisco,freedesktop-unofficial-mirror/gstreamer__gst-plugins-base,1,1
Cisco,freedesktop/gstreamer-gst-plugins-base,1,1
Cisco,freedesktop/gstreamer-gst-plugins-good,1,2
Cisco,gilesheron/ydk-samples,1,4
Cisco,gilhossi/gst-plugins-good,1,2
Cisco,GrokStreaming/gst-plugins-good,1,2
Cisco,hackercouch/hackercouch,1,1
Cisco,hashsdn/hashsdn-bgpcep,1,2
Cisco,hashsdn/hashsdn-netconf,1,1
Cisco,hashsdn/hashsdn-releng-autorelease,1,3
Cisco,hashsdn/releng-autorelease,1,3
Cisco,HGLiang23/ansible,1,3
Cisco,hizukiayaka/gst-plugins-good,1,2
Cisco,hyperlobic/gst-plugins-base,1,1
Cisco,ijsf/OpenWebRTC-gst-plugins-good,1,2
Cisco,ikonst/gst-plugins-good,1,2
Cisco,iptube/node-icebox,1,10
Cisco,iqreateinfotech/ansible-all,1,19
Cisco,irock/FFmpeg,1,100
Cisco,jcaden/gst-plugins-good,1,2
Cisco,jledet/gst-plugins-base,1,1
Cisco,jojva/gst-plugins-base,1,1
Cisco,jpakkane/gstreamer-plugins-good,1,2
Cisco,kala3124/netconf,1,1
Cisco,kala3124/Yang-Push,1,1
Cisco,keloyang/alpine,1,1
Cisco,kkonopko/gst-plugins-base,1,1
Cisco,kmane-mem/ansible,1,3
Cisco,knocte/gst-plugins-base,1,1
Cisco,knuesel/gst-plugins-base,1,1
Cisco,knuesel/gst-plugins-good,1,2
Cisco,konghk/aports,1,1
Cisco,krieger-od/gst-plugins-base,1,1
Cisco,kweisel56/ansible,1,2
Cisco,Lachann/gst-plugins-base,1,1
Cisco,Lachann/gst-plugins-good,1,2
Cisco,loshca/gst-plugins-good,1,2
Cisco,lovebug356/gst-plugins-base,1,1
Cisco,lovebug356/gst-plugins-good,1,2
Cisco,MathieuDuponchelle/gst-plugins-good,1,2
Cisco,memononen/nanovg,1,1
Cisco,mikhas/gst-plugins-good,1,2
Cisco,mitchelldavis44/ansible,1,16
Cisco,mozilla-b2g/gecko-partner,1,13
Cisco,mrbkap/gecko-cinnabar,1,25
Cisco,mykmelez/graphene-gecko,1,25
Cisco,Myoungsun-Lee/gst-plugins-base,1,1
Cisco,nek0/yammat,1,1
Cisco,opendaylight/bgpcep,1,2
Cisco,opendaylight/netconf,1,1
Cisco,opendaylight/releng-autorelease,1,3
Cisco,pexip/gst-plugins-base,1,1
Cisco,pexip/gst-plugins-good,1,2
Cisco,rawoul/gst-plugins-good,1,2
Cisco,rchilly2000/ansible,1,2
Cisco,rcoscali/gst-plugins-base,1,1
Cisco,rcoscali/gst-plugins-good,1,2
Cisco,renesas-devel/gst-plugins-base,1,1
Cisco,renesas-rcar/gst-plugins-good,1,2
Cisco,reynaldo-samsung/gst-plugins-base,1,1
Cisco,RobGries/baresip_410c,1,9
Cisco,sancane/gst-plugins-base,1,1
Cisco,sancane/gst-plugins-good,1,2
Cisco,sebras/gst-plugins-base,1,1
Cisco,sh0/gst-plugins-good,1,2
Cisco,sijchen/ErrorConcealmentTest,1,6
Cisco,stb-tester/gst-plugins-good,1,2
Cisco,strfry/apple2fpga,1,5
Cisco,strfry/barney,1,3
Cisco,strfry/estreamer,1,1
Cisco,strfry/fallblatt,1,2
Cisco,strfry/KiAI,1,4
Cisco,strfry/midicam,1,2
Cisco,strfry/PiPROM,1,13
Cisco,strfry/rccar,1,2
Cisco,strfry/rtl8710-stlink-tutorial,1,1
Cisco,strfry/strfry.github.io,1,8
Cisco,strfry/webrtc-meson,1,2
Cisco,strfry/WebWindow,1,2
Cisco,tamaggo/gst-plugins-good,1,2
Cisco,teilWERK/ewindow-builder,1,14
Cisco,thaytan/gst-plugins-base,1,1
Cisco,tizenorg/platform.upstream.gst-plugins-good,1,2
Cisco,Toysoft/gst-plugins-good,1,2
Cisco,trollfred/gst-plugins-good,1,2
Cisco,trollhoehle/hoehlenwatch,1,7
Cisco,veo-labs/gst-plugins-base,1,1
Cisco,wkatsak/gst-plugins-base,1,1
Cisco,wkatsak/gst-plugins-good,1,2
Cisco,Xilinx/gst-plugins-base,1,1
Cisco,Xilinx/gst-plugins-good,1,2
Cisco,XMusicPlayer/gst-plugins-base,1,1
Cisco,XMusicPlayer/gst-plugins-good,1,2
Cisco,xsf/registrar,1,5
Cisco,ylatuya/gst-plugins-base,1,1
Cisco,zeenix/gst-plugins-base,1,1
Cisco,zoff99/ToxBlinkenwall,1,2
Facebook,ABaldwinHunter/react-engines,1,1
Facebook,acdlite/redux-basic-blog-example,1,2
Facebook,acdlite/router,1,14
Facebook,amokjs/amok,1,1
Facebook,ansik-pitstop/PitStop-Parse-Server,1,38
Facebook,appsquickly/XcodeEditor,1,1
Facebook,bdd/buck-test,1,4
Facebook,bestdingyan/open-r,1,1
Facebook,caffe2/caffe2,1,1
Facebook,candrholdings/slack-cli,1,1
Facebook,chinhle11890/AutoScrollLabel,1,1
Facebook,chowdhary987/react-native,1,1
Facebook,CocoaPods/Specs,1,3
Facebook,cppforlife/CedarAsync,1,1
Facebook,dcu-sharepoint/REDUX-training,1,1
Facebook,dimitri-a/redux_stuff,1,13
Facebook,DyCI/dyci-xcode-plugin,1,5
Facebook,DyCI/dyci.github.com,1,10
Facebook,eziodeyk/pytorch,1,1
Facebook,ezyang/caffe2-trimmed,1,1
Facebook,ezyang/pytorch,1,1
Facebook,facebook/buck,1,4
Facebook,facebook/facebook-android-sdk,1,3
Facebook,facebook/facebook-ios-sdk,1,2
Facebook,facebook/fbshipit,1,45
Facebook,facebook/flow,1,1
Facebook,facebook/hhvm,1,2
Facebook,facebook/openbmc,1,1
Facebook,facebook/openr,1,1
Facebook,facebook/react-native,1,4
Facebook,facebook/xctool,1,1
Facebook,facebookarchive/nuclide-kickable,1,1
Facebook,facebookexperimental/buckit,1,1
Facebook,facebookexperimental/mononoke,1,1
Facebook,facebookincubator/Battery-Metrics,1,1
Facebook,facebookincubator/fastmod,1,1
Facebook,facebookincubator/FCR,1,1
Facebook,facebookincubator/Keyframes,1,1
Facebook,facebookincubator/offline-conversion-file-uploader,1,1
Facebook,facebookincubator/profilo,1,1
Facebook,facebookincubator/rust-partial-io,1,2
Facebook,facebookresearch/adversarial_image_defenses,1,1
Facebook,facebookresearch/GCSAL,1,1
Facebook,ftapp/cocoapods,1,4
Facebook,gaearon/playtronica,1,19
Facebook,gary109/PBJVision,1,4
Facebook,gehaktmolen/react-router-boilerplate,1,2
Facebook,HeroBarry/Docs,1,27
Facebook,hhvm/hsl,1,1
Facebook,hhvm/hsl-experimental,1,1
Facebook,hu120pingucas/Amy,1,1
Facebook,jingping2015/test,1,1
Facebook,JohnSundell/Wrap,1,3
Facebook,jungletian/jfresco,1,1
Facebook,jverkoey/nimbus,1,1
Facebook,kaaustubh/new_parse_server,1,11
Facebook,kaivi/ReactInlineEdit,1,1
Facebook,lakshmi2005/buck,1,4
Facebook,leoasis/redux-immutable-state-invariant,1,1
Facebook,leonielindo/React-Unit-Testing,1,1
Facebook,love8587/facebook_app,1,89
Facebook,Manuek0/Repositorio_Prueba,1,1
Facebook,MSchantz/Parse-SDK-Android,1,2
Facebook,muxi/grpc-pod,1,30
Facebook,nishamuktewar/adversarial_image_defenses_old,1,1
Facebook,parisleaf/gulp-do,1,11
Facebook,PaulTaykalo/aoc2017,1,1
Facebook,PaulTaykalo/GData,1,15
Facebook,PaulTaykalo/harmonyrabbit,1,11
Facebook,PaulTaykalo/helium-generation-example,1,3
Facebook,PaulTaykalo/thing-speak-macosx,1,3
Facebook,PaulTaykalo/xcode-time-tracker,1,8
Facebook,petrex/rocm_caffe2,1,1
Facebook,piemonte/PBJVision,1,4
Facebook,pivanov/parse-android-demo-app,1,2
Facebook,ptmt/react-native-macos,1,1
Facebook,pytorch/pytorch,1,1
Facebook,ReactTraining/react-router,1,2
Facebook,relayjs/relay-devtools,1,1
Facebook,ROCmSoftwarePlatform/rocm-caffe2,1,1
Facebook,rohithkrn/rocm_caffe2,1,1
Facebook,rsumner33/pytorch,1,1
Facebook,runxel/hitoshi,1,10
Facebook,senthilkumarv/CocoaPodSpecs,1,3
Facebook,soxjke/Redux-ReactiveSwift,1,1
Facebook,stampsy/sdwebimage-monotouch,1,16
Facebook,stoneson/react-native,1,1
Facebook,sudol/macos-swift-poker,1,3
Facebook,tatsuhino/reactPractice,1,47
Facebook,Teino1978-Corp/Teino1978-Corp-hhvm,1,1
Facebook,tejashri29/openrfork1,1,1
Facebook,tejashri29/openrPublicFork,1,1
Facebook,temiklis/myCaffe2,1,1
Facebook,tianzhi0549/pytorch,1,1
Facebook,tiglek/react-native-custom,1,1
Facebook,tpys/face-recognition-caffe2,1,1
Facebook,ViniciusAtaide/reduxchat,1,52
Facebook,vixentael/konserva-27,1,3
Facebook,Vxychen/facebook_hhvm_c-,1,2
Facebook,wangxingneng/Specs,1,5
Facebook,yangxiangwei/YXWSecond,1,5
Facebook,zhangshuai930822/BUCK,1,4
Google,0100111001000010/Homebrew,1,6
Google,1057437122/bible_read_web,1,1
Google,A-AOSP/platform_frameworks_base,1,1
Google,a5chiu/mongoDB,1,1
Google,ABCrom-Legacy/abc_frameworks_base,1,1
Google,abhirajsinghofficial/fwb,1,1
Google,adrianoapi/php-youtube,1,1
Google,AdsOptimal/turbo-sprockets-rails3,1,1
Google,ADVAN-ELAA-8QM-PRC1/aosp-platform-frameworks-base,1,1
Google,aex-tmp/platform_frameworks_base,1,1
Google,AIMROM/android_frameworks_base,1,1
Google,Akhmen18/framework_base,1,1
Google,alaquitara/pythonDocs,1,1
Google,alesaiko/android_frameworks_base,1,1
Google,alexxxdev/platform_frameworks_base,1,1
Google,almania69/RxJava,1,3
Google,AlvarDev/kubernet,1,1
Google,amardeep434/android_frameworks_base,1,1
Google,aosp-kenzo/platform_frameworks_base,1,1
Google,AOSP-Porting/platform_frameworks_base,1,1
Google,Aosp-pure/platform_frameworks_base,1,1
Google,Aosp-pure/platform_frameworks_support,1,2
Google,AOSPCAF/base,1,1
Google,AOSPCAF/platform_frameworks_base,1,1
Google,aospmodrom/android_frameworks_base,1,1
Google,AquariOS-caf-rebase/frameworks_support,1,2
Google,argraur/maosp_platform_frameworks_base,1,1
Google,artygus/app-templates,1,3
Google,artygus/devtools-compat-proxy,1,8
Google,artygus/webkit-webinspector,1,16
Google,asgardmodules/ckeditor,1,1
Google,ashrafxcoder/android-framework-base,1,1
Google,athene-caf/platform_frameworks_base,1,1
Google,Azureym/ymconfig,1,2
Google,beherochulin/thinksns,1,1
Google,bhardister/gcloud-python-docs-samples,1,1
Google,blood1093/RxJava_Reactive,1,3
Google,blzaugg/liferay-ckeditor-old,1,1
Google,boto/boto,1,5
Google,briancollins/vim-jst,1,1
Google,bshaffer/sfDoctrineMarkdownPlugin,1,11
Google,cacalabs/libcaca,1,2
Google,CAF-BASE/frameworks_support,1,2
Google,CAF-P/platform_frameworks_base,1,1
Google,CAF-staging/frameworks_base,1,1
Google,camcory/platform_frameworks_support,1,2
Google,ChainSQL/chainsql-lib,1,1
Google,ChrisAntaki/quickstart-for-nodejs-in-app-engine-flex,1,1
Google,Citrus-CAF/frameworks_base,1,1
Google,cjkacz/platform_frameworks_base,1,1
Google,ckeditor/ckeditor-dev,1,1
Google,cksource/ckeditor-plugin-a11ychecker,1,1
Google,Colt-AOSP/platform_frameworks_support,1,2
Google,Colt-LOS/fwb,1,1
Google,Colt-tomato/frameworks_support,1,2
Google,Colt-tomato/fwb,1,1
Google,ColtOS/android_frameworks_base,1,1
Google,crashOS/frameworks-base,1,1
Google,cxAllen/improve,1,3
Google,CyanideL/android_frameworks_base,1,1
Google,DaemonOS/platform_frameworks_base,1,1
Google,dalabarge/eventsourcing,1,1
Google,dangerousbeans/zsh-setup,1,2
Google,darkeyes84/android_frameworks_base,1,1
Google,darshan1205/platform_frameworks_base,1,1
Google,davidmarkclements/v8-perf,1,2
Google,day112/laravel5.6,1,1
Google,ddawx123/oh-my-zsh,1,2
Google,DemonTeam/frameworks_base,1,1
Google,DennisSchwartz/dotfiles,1,2
Google,DirtyUnicorns/android_frameworks_base,1,1
Google,dj2/pdfium,1,1
Google,DLittle123/oh-my-zsh,1,2
Google,e-knowles/bazel,1,1
Google,edithkk/TestProject,1,1
Google,ehloROM/android_frameworks_base,1,1
Google,eldarerathis/android_frameworks_base,1,1
Google,erlware/relx,1,1
Google,etovladislav/akbars_hack,1,1
Google,Evervolv/android_frameworks_base,1,1
Google,everzet/capifony,1,1
Google,Evolitist/android_frameworks_base,1,1
Google,ezio84/abc_frameworks_support,1,2
Google,fabioberger/openworld,1,34
Google,faiyazsheth/fwb,1,1
Google,FasterRom-staging/frameworks_base,1,1
Google,fhinkel/hello-world,1,1
Google,fhinkel/HelloTravis,1,20
Google,filchakov/mautic-custom,1,1
Google,Flash-ROM/frameworks_support,1,2
Google,fnando/i18n-js,1,1
Google,FrankenRom/android_frameworks_base,1,1
Google,FreeMobileOS/platform_frameworks_base,1,1
Google,GalaxyGrandPrime/aicp_frameworks_base,1,1
Google,gameforce/dotfiles,1,2
Google,garrykd/abc-n_frameworks_base,1,1
Google,Ghost-ROM/frameworks_base,1,1
Google,google/apitools,2,9
Google,google/google-api-nodejs-client,1,12
Google,google/guava-beta-checker,1,1
Google,google/pyu2f,1,1
Google,googleapis/api-common-protos,1,26
Google,googleapis/nodejs-cloud-container,1,1
Google,googleapis/nodejs-datastore,1,1
Google,googleapis/nodejs-spanner,1,1
Google,GoogleCloudPlatform/appengine-php-guestbook,1,1
Google,GoogleCloudPlatform/gcs-oauth2-boto-plugin,1,7
Google,GoogleCloudPlatform/getting-started-python,1,5
Google,GoogleCloudPlatform/google-cloud-php,1,24
Google,GoogleCloudPlatform/gradle-appengine-plugin,1,1
Google,GoogleCloudPlatform/gsutil,1,65
Google,googlesamples/android-play-publisher-api,1,2
Google,grassead-aosp/platform_frameworks_base,1,1
Google,gsuitedevs/php-samples,1,5
Google,gsutil-mirrors/mock,1,2
Google,gsutil-mirrors/pyasn1,1,4
Google,gsutil-mirrors/pyasn1-modules,1,1
Google,gsutil-mirrors/rsa,1,1
Google,gsutil-mirrors/six,1,1
Google,GZOSP/frameworks_support,1,2
Google,GZR-ValidusOS/frameworks_base,1,1
Google,hamhut1066/oh-my-zsh,1,1
Google,happyhls/RxJava,1,3
Google,haru01/oh-my-zsh,1,2
Google,Havoc-OS/android_frameworks_base,1,1
Google,hbcbh1999/homebrew-test,1,2
Google,Hexa-Project-Nougat/android_frameworks_base,1,1
Google,hicqu/oh-my-zsh,1,2
Google,HoloOS/android_frameworks_base,1,1
Google,Homebrew/legacy-homebrew,1,2
Google,honeybadger-io/honeybadger-js,1,1
Google,honeybadger-io/honeybadger-node,1,4
Google,hskyzhou/blog,1,1
Google,httplib2/httplib2,1,1
Google,iaghayev/awin-demo,1,1
Google,ibmruntimes/v8ppc,1,22
Google,j0esgithub/Homebrew,1,1
Google,jackchmera/jackchmera_laravel,1,1
Google,jacomorr22/python-tutorial,1,4
Google,Jamesfree/reimagined-bassoon,1,1
Google,jampoo/python-docs-samples,1,24
Google,JinwooOh/zshsetting,1,2
Google,kanvaser/mangga,1,1
Google,KAOSP/platform_frameworks_base,1,1
Google,KCUFRom/frameworks_base,1,1
Google,knmurthy/android_frameworks_support,1,1
Google,lenshq/lens_client,1,13
Google,libimobiledevice/libimobiledevice,1,1
Google,LionheartOS/platform_frameworks_base,1,1
Google,los-kenzo/android_frameworks_base,1,1
Google,lukesampson/scoop-extras,1,2
Google,madcoder2k17/homebrew_legacy,1,1
Google,Manozco/oh-my-zsh,1,2
Google,mark9white/zsh,1,1
Google,MatiasApi/CourseBV11,1,2
Google,MentorEmbedded/mpsoc-android_frameworks_base,1,1
Google,mhoug89/ChromeExtensions,1,2
Google,mhoug89/dotfiles,1,2
Google,modejs/mode,1,26
Google,MoKee/android_frameworks_base,1,1
Google,MorphProject/android_frameworks_support,1,2
Google,motuvr/homebrew-core,1,6
Google,mozilla/valence,1,1
Google,mrayas69/CloudVision,1,1
Google,MRHacker-CAF/frameworks_base,1,1
Google,mukesh22584/colt_frameworks_base,1,1
Google,neggert/oh-my-zsh,1,1
Google,niallomalley/tweet2,1,1
Google,Nickolouse/how-to_webpage,1,1
Google,nikitagaba/Android,1,1
Google,nine3112/node_google,1,1
Google,ninnemana/oh-my-zsh,1,2
Google,nitins-taimen/android_frameworks_base,1,1
Google,Nitrogen-CAF/android_frameworks_base,1,1
Google,nlativy/scritti,1,2
Google,nobe1976/android_frameworks_base,1,1
Google,noob-717/platform_frameworks_support,1,2
Google,nosajio/oh-my-zsh,1,2
Google,NougatKang/frameworks_base,1,1
Google,OctoDev-Project-Legacy/octogen_frameworks_base,1,1
Google,omarbenzekri/test,1,1
Google,oskarkleska/vacapp,1,1
Google,OualidBourgou/oh-my-zsh,1,2
Google,pavanbijja/scoop-bucket,1,2
Google,pavaneshaddala/workout,1,61
Google,PAXtended/android_frameworks_base,1,1
Google,PhantomROM/frameworks_base,1,1
Google,Phenom-OS/frameworks_base,1,1
Google,pivotal-legacy/trilogy,1,1
Google,PixelExperienceOneplus/frameworks_base,1,1
Google,PlantSimLab/SimLabJavaVersion,1,1
Google,PolyOreo/frameworks_base,1,1
Google,qingemeng/webDev,1,4
Google,qskane/imgtrip-jquery,1,1
Google,quesoo/n-mr2,1,1
Google,RakeshBatra/test,1,1
Google,ReactiveX/RxJava,1,3
Google,rharshit/android_frameworks_base-tmp,1,1
Google,rhoffman3621/learn-rails,1,1
Google,ronshapiro/RetrolambdaSourceSetsExample,1,1
Google,ronshapiro/rontest,1,2
Google,Rpingat/frameworks_base_caf,1,1
Google,RR-oreo-chiron/frameworks_base,1,1
Google,rustemferreira/ckeditor-mod,1,1
Google,ryanmats/random-hacks,1,1
Google,sabini-dev/boto-49eef19c70,1,72
Google,sabini-dev/boto-9984b91ae2,1,23
Google,SacredOS/frameworks_base,1,1
Google,sagarshah1729/base,1,1
Google,savf/oh-my-zsh,1,2
Google,ScarexOS/android_frameworks_base,1,1
Google,seanashmore/aosp_frameworks,1,1
Google,shiwen/oh-my-zsh,1,2
Google,Sins-Themeing/frameworks_base,1,1
Google,SiXROM-OREO/frameworks_support,1,2
Google,slim-opt/frameworks_base,1,1
Google,SlimBit-AOSP/android_frameworks_base,1,1
Google,SlimRoms/frameworks_base,1,1
Google,SoftlySplinter/dotfiles,1,1
Google,sstrigler/oh-my-zsh,1,1
Google,stas-yasinov/oh-my-zsh,1,2
Google,SteveRogers2308/frameworks_base,1,1
Google,sudosurootdev/frameworks_base,1,1
Google,syamananda/gcs-oauth2-boto-plugin,1,1
Google,tbollinger/ketonetracker,1,1
Google,TeamHorizon/frameworks_base,1,1
Google,TeslaOS/frameworks_base,1,1
Google,Testing-Repos/frameworks__base,1,1
Google,timsuchanek/oh-my-zsh,1,2
Google,TokunaKimochi/scoop-bucket,1,2
Google,TwistedCore/frameworks_base,1,1
Google,twokul/oh-my-zsh,1,1
Google,UBERROMS/frameworks_support,1,2
Google,udoo-android-nougat/android_frameworks_base,1,1
Google,UnholyDevs/frameworks_support,1,2
Google,Unleash-OS/android_frameworks_base_old,1,1
Google,Unlegacy-Android/android_frameworks_base,1,1
Google,VertexOS/android_frameworks_base,1,1
Google,vilkov/android_frameworks_base,1,1
Google,vinothraj-aricent/platform-frameworks-base,1,1
Google,vipin24471/libimobiledevice,1,1
Google,vivexx/python-docs-samples,1,16
Google,vo0doO/getting-started-python-gcloud,1,2
Google,voat/voat,1,1
Google,VoatCitizen/Voat,1,1
Google,VyacheslavAlexeev/homebrew-core,1,6
Google,w0w0w/omz,1,2
Google,wallisyu/ReadCV,1,15
Google,wangshijun/myzshfiles,1,2
Google,wangyingjie/MyRxJava,1,2
Google,wanyutang/fAppTmp,1,1
Google,wcorrigan/dotfiles,1,2
Google,weyert/oh-my-zsh,1,1
Google,woodruffw/homebrew-test,1,1
Google,xdavn/android_frameworks_base,1,1
Google,xpertode/ios_webkit_debug_proxy,1,4
Google,Xylem-OS/platform_frameworks_base,1,1
Google,yoagner/AdminSonataBundle,1,2
Google,yorkie/jxcore-ng,1,25
Google,yuanhuang0/RxJava,1,3
Google,yuzhansung/testgit1,1,2
Google,zakiryousufi/laravel_class,1,1
Google,zhangzhongtao/ckeditor,1,1
Google,ZhitongW/HackHarvard_ThinkTwice,1,21
Huawei,271560sj/kubernetes,1,2
Huawei,apache/incubator-mxnet,1,9
Huawei,bastlelight/googlek8s,1,13
Huawei,blueliuyun/blueliuyun.github.io,1,21
Huawei,blueliuyun/esp-idf-v3.0-rc1-annotated,1,4
Huawei,blueliuyun/LiteOS_EWARM_IOT_MQTT,1,3
Huawei,blueliuyun/LPC-t,1,13
Huawei,blueliuyun/MQTT,1,2
Huawei,cjmcv/mini-mxnet,1,7
Huawei,container-storage-interface/spec,1,4
Huawei,dianaclarke/lit,1,1
Huawei,dmlc/dmlc-core,1,2
Huawei,dmlc/ps-lite,1,2
Huawei,dmlc/tvm,1,3
Huawei,fairytalezwj/kubernetes_1.9.0,1,13
Huawei,freesky-edward/antherds,1,5
Huawei,freesky-edward/blogclub,1,18
Huawei,freesky-edward/k8s-research,1,3
Huawei,gbxu/mxnet-kafka,1,8
Huawei,gbxu/ps-kafka,1,2
Huawei,hashicorp/packer,1,2
Huawei,HeliWang/bkupmxnet,1,7
Huawei,HeliWang/mxnet-fixed-onnx,1,7
Huawei,hpi-xnor/BMXNet,1,6
Huawei,huangzehao/incubator-mxnet-bk,1,1
Huawei,huangzehao/mxnet-bk,1,1
Huawei,huawei-clouds/terraform-provider-huaweicloud,2,9
Huawei,huawei-clouds/terraform-provider-telefonicaopencloud,2,4
Huawei,huaweicloud/community,2,8
Huawei,huaweicloud/golangsdk,1,17
Huawei,huaweicloud/huaweicloud-sdk-java-dis,1,1
Huawei,huaweicloud/repo-template,1,2
Huawei,huaweicloud/terraform-provider-ecloud,1,8
Huawei,huaweicloud/terraform-provider-flexibleengine,1,19
Huawei,huaweicloud/terraform-provider-huaweicloud,1,6
Huawei,huaweicloud/terraform-provider-opentelekomcloud,2,6
Huawei,huaweicloud/terraform-provider-telefonicaopencloud,1,11
Huawei,ioters/LoraSniffer,1,1
Huawei,JiajianZeng/mxnet,1,6
Huawei,Karajan-project/terraform-provider-orangecloud,1,3
Huawei,kubernetes/kubernetes,1,13
Huawei,LiteOS/LiteOS,2,20
Huawei,LiteOS/LiteOS_Connect_to_3rd_Cloud,5,25
Huawei,lxz365/liteos-stm32l073,1,5
Huawei,manohar650/kubernetes,1,5
Huawei,minhto2802/incubator-mxnet,1,8
Huawei,Najah-lshanableh/Deep_learning,1,1
Huawei,sjtuhpcc/python-mxnet,1,1
Huawei,starimpact/mxnet_v1.0.0,1,6
Huawei,starlingx-staging/stx-magnum-ui,1,2
Huawei,starlingx-staging/stx-murano-dashboard,1,6
Huawei,starlingx-staging/stx-python-muranoclient,1,5
Huawei,Supowang/stm32_lwip,1,1
Huawei,SuYai/OceanConnectHelp,1,29
Huawei,tenji/ecommerce,1,11
Huawei,tenji/ks,1,81
Huawei,terraform-providers/terraform-provider-google,1,26
Huawei,terraform-providers/terraform-provider-opentelekomcloud,1,9
Huawei,theopenlab/project-config,1,3
Huawei,theopenlab/project-config-source,1,3
Huawei,twowinter/CodeStyleForC,1,5
Huawei,twowinter/EasyLink_receiveAsync_Opration,1,2
Huawei,twowinter/HelloCircuit,1,3
Huawei,twowinter/IoT_pic_lib,1,2
Huawei,twowinter/LoRaWAN-Specification_ZH_CN,1,22
Huawei,twowinter/OpenHamtaro,1,21
Huawei,twowinter/SnifferDemoForEsp8266,1,4
Huawei,twowinter/wechat,1,4
Huawei,twowinter/ZigBee-For-Developers-CH,1,3
Huawei,twowinter/ZllRemote,1,2
Huawei,wykvictor/MXNet,1,4
Huawei,xcgoner/mxnet-dist-exp,1,8
Huawei,yinscapital/-apache-incubator-mxnet,1,4
Huawei,yinscapital/incubator-mxnet,1,2
Huawei,ymaxgit/mxnet,1,4
Huawei,yxsyxs/liteos_gizwits,1,1
Huawei,zhanzr/liteos_fork,1,5
Huawei,zhanzr/liteos-xmc1100,1,5
Huawei,zhuyawen/LiteOS_Kernel,1,5
Huawei,zt706/mxnet_for_ssd,1,1
IBM,2947721120/paper-dialog,1,1
IBM,academystep/websiteforexam,1,6
IBM,AlexisDZazueta/attendance-tlotw,1,2
IBM,andresfvilla/reddit-match,1,3
IBM,anoblet/pwa-starter-kit,1,2
IBM,apocas/docker-modem,1,1
IBM,ArtifexSoftware/thirdparty-harfbuzz,1,1
IBM,Asahy/create-your-own-adventure,1,3
IBM,atulpatil301/devstack,1,14
IBM,BasqueVoIPMafia/cordova-plugin-iosrtc,1,7
IBM,braver/SideBarTools,1,1
IBM,contolini/pizza-party,1,1
IBM,crhistianramirez/swagger-codegen-2.4.0,1,1
IBM,csantanapr/cordova-cli-dev,1,1
IBM,cstock89/kibanadev,1,1
IBM,CubexElements/cube-input,1,3
IBM,DecisionSystems/watson-developer-cloud,1,3
IBM,devbynyden/assaultjs.github.io,1,4
IBM,diegochavezcarro/NodeGoatSeguro,1,13
IBM,dpopp07/bartop,1,25
IBM,dpopp07/dotfiles,1,21
IBM,dpopp07/JavaPrograms,1,13
IBM,dpopp07/LighthouseUnofficial,1,2
IBM,eface2face/rtcninja.js,1,16
IBM,Elemino/my-openmct,1,1
IBM,ethcards/kibana,1,1
IBM,eviltik/evilscan,1,4
IBM,FezVrasta/snackbarjs,1,1
IBM,framled/GDGAntofagasta,1,11
IBM,FranciscoGonzalezSanchez/https-github.com-watson-developer-cloud-node-sdk,1,9
IBM,Fuzzme333/Goaty3,1,13
IBM,gdglisbon/2016-DevFest-Website,1,4
IBM,germanattanasio/nests,1,26
IBM,gianluka79/First,1,2
IBM,hasanathar/resume,1,3
IBM,hasanathar/resume-cv,1,3
IBM,IBM-Cloud/gp-angular-client,1,21
IBM,IBM-Cloud/gp-atom-package,1,2
IBM,IBM-Cloud/gp-python-client,1,8
IBM,ibm-ecm/ibm-casemanager-samples,1,1
IBM,IBM/node-i18n-utilities,1,2
IBM,IBMResearch/ibm-tabs,1,24
IBM,jerry1100/allie-21-birthday,1,20
IBM,jerry1100/config,1,21
IBM,jerry1100/gfm-stripper,1,5
IBM,jerry1100/islandsnow,1,4
IBM,jerry1100/meteor-hello-world,1,2
IBM,jerry1100/semantic-study-timer,1,6
IBM,jerry1100/simple-todos,1,6
IBM,jerry1100/sumofnumbers,1,2
IBM,jerry1100/wind-sensor,1,23
IBM,jerry1100/ziplist,1,2
IBM,jesusprubio/jesusprubio.github.io,1,25
IBM,jhonnynetworker/MarketingDigital,1,7
IBM,joel-g/animal-facts-bot,1,1
IBM,johnpark82/MOOC,1,3
IBM,Juell1635/NASA,1,1
IBM,KenStanley/reflections,1,3
IBM,KingofApp/koapp-theme-denim,1,6
IBM,KingofApp/koapp-theme-ios,1,30
IBM,ldeluca/x1-sdks,1,1
IBM,loganAIKAS/myandroidapptest,1,3
IBM,lpatino10/fpl-transfer-checker,1,12
IBM,lpatino10/HackMIT_2016,1,7
IBM,lpatino10/HackOH-IO_2016,1,15
IBM,lpatino10/imdb-review-classifier,1,9
IBM,lpatino10/lpatino10.github.io,1,3
IBM,lpatino10/pos-tagger,1,4
IBM,lpatino10/reflections,1,8
IBM,lucmichalski/ios-recognition-app,1,2
IBM,madeirajp/Conversation-simple,1,23
IBM,mamoonraja/SpotPricing_SlackAware,1,1
IBM,map25/OHI-O-Project,1,6
IBM,MisterPup/Ceilometer-Juno-Extension,1,6
IBM,nasa/openmct,1,1
IBM,nodesecurity/eslint-plugin-security,1,8
IBM,OpenAPITools/openapi-generator,1,1
IBM,openstack-dev/sandbox,1,1
IBM,openstack/cliff,1,1
IBM,openstack/requirements,1,60
IBM,p8a/ragel,1,2
IBM,Polymer/polymer-bundler,1,1
IBM,PolymerElements/paper-dialog,1,2
IBM,PolymerElements/paper-toast,1,2
IBM,PolymerLabs/tedium,1,2
IBM,reddykar/nodejs-test,1,33
IBM,sinasabet81/SLP_Project,1,5
IBM,srl295/iojs-rename,1,2
IBM,srl295/turbo-octo-parakeet,1,7
IBM,stefanoantonel/ecofit,1,4
IBM,swagger-api/swagger-codegen,1,1
IBM,syhw/homebrew,1,1
IBM,tany-ovcharenko/depot,1,1
IBM,tecla5/tecla5-pwa-polymer-site,1,2
IBM,TimvdLippe/iron-lazy-pages,1,1
IBM,tmusa/opencysat,1,1
IBM,Triniplex/puppet-asterisk,1,9
IBM,Triniplex/puppet-openstackid,1,9
IBM,troy-halpin/COP3503GroupProject,1,10
IBM,udacity/create-your-own-adventure,1,3
IBM,unicode-cldr/cldr-cal-japanese-full,1,1
IBM,unicode-cldr/cldr-cal-japanese-modern,1,1
IBM,unicode-cldr/cldr-dates-full,1,1
IBM,unicode-cldr/cldr-dates-modern,1,1
IBM,unicode-org/icu,1,1
IBM,unicode-org/icu-docker,1,7
IBM,vaadin/vaadin-button,1,1
IBM,watson-developer-cloud/api-guidelines,1,1
IBM,watson-developer-cloud/node-red-labs,1,5
IBM,watson-developer-cloud/node-sdk,1,9
IBM,watson-developer-cloud/react-components,1,1
IBM,watson-developer-cloud/tradeoff-analytics-nodejs,1,46
IBM,Watson-Explorer/onewex-notebooks,1,2
IBM,whats-happening-uhm/whats-happening-uhm.github.io,1,8
IBM,woodruffw/homebrew-test,1,1
IBM,yahoo/formatjs-site,1,1
Intel,01org/intel-hybrid-driver,1,3
Intel,aftian/linux-blankon,1,7
Intel,ajespoo/sparkk8,1,2
Intel,AlexxNica/linux_,1,3
Intel,android-device/hibench,1,41
Intel,apache/arrow,1,1
Intel,apache/hadoop,1,1
Intel,apache/incubator-mxnet,1,3
Intel,Azzazzimon/Latte-Kernel,1,3
Intel,badboygolf16v/linux-DigitalDreamtime-simple,1,2
Intel,BenChung/Julia-BTI,1,1
Intel,Blosc/c-blosc,1,1
Intel,Blosc/c-blosc2,1,1
Intel,bmoraine/linux-sofia-3gr,1,1
Intel,Broadcom/arm64-linux,1,1
Intel,BryantChang/BryantChang_Spark,1,1
Intel,bryceisphy/spark-code,1,18
Intel,bse6a/scala,1,2
Intel,bymars/dotfiles,1,11
Intel,bymars/ika,1,4
Intel,bymars/ldd,1,7
Intel,bymars/vimrc,1,12
Intel,c-sky/linux-4.9.y,1,2
Intel,cirosantilli/imagine-all-the-people,1,1
Intel,clearwater/chumby-linux,1,1
Intel,cowithgun/samsung-kernel-ancora,1,1
Intel,csmanjuvijay/usb-next,1,2
Intel,cttestid41/Apache_Spark,1,1
Intel,CumulusNetworks/bpf-next,1,3
Intel,CyanogenMod/lge-kernel-omap4,1,7
Intel,cys86/lux,1,2
Intel,danielschwierzeck/linux,1,2
Intel,DavidAlphaFox/spark,1,11
Intel,dh-electronics/linux-imx6qdl,1,3
Intel,Digilent/linux-digilent,1,2
Intel,DirtyUnicorns/android_kernel_google_dragon,1,3
Intel,dissent1/linux-stable,1,3
Intel,eballetbo/linux,1,3
Intel,einon/staging-et131x,1,29
Intel,Ezekeel/GLaDOS-nexus-s,1,3
Intel,faddat/linux-mainline-next,1,2
Intel,faizauthar12/kernel_zuk_msm8996,1,2
Intel,fbq/linux,1,2
Intel,fcooper/ti-linux,1,2
Intel,frankfzw/mySpark,1,11
Intel,freak07/OCEAN_OREO_AOSP_CAF,1,2
Intel,freedesktop-unofficial-mirror/wayland__libinput,1,1
Intel,fulcrum7/mq107-kernel,1,2
Intel,gbxu/mxnet-kafka,1,3
Intel,gczsjdy/gczsjdy.github.io,1,2
Intel,gczsjdy/HelloWorld,1,4
Intel,gczsjdy/NFCTag,1,2
Intel,gerow/linux,1,3
Intel,gkoloventzos/hetfs-linux,1,2
Intel,google/ktsan,1,3
Intel,grandpaul/linux,1,2
Intel,GuaiYiHu/android_kernel_xiaomi_whyred,1,2
Intel,gumdroid/android-kernel,1,7
Intel,haitaohuang/linux-isgx,1,2
Intel,harrynowl/android_kernel_xiaomi_latte,1,5
Intel,HeliWang/bkupmxnet,1,3
Intel,hizukiayaka/linux-kernel,1,3
Intel,hpi-xnor/BMXNet,1,3
Intel,iburinoc/linux,1,2
Intel,Intel-bigdata/HDL,1,6
Intel,Intel-bigdata/OAP,2,64
Intel,IntelLabs/CompilerTools.jl,1,25
Intel,IntelLabs/Latte.jl,1,7
Intel,itkanrj/OnePlus5,1,2
Intel,jankie/linux,1,2
Intel,jesec/android_kernel_samsung_msm8998,1,1
Intel,JiajianZeng/mxnet,1,3
Intel,JohnAdcock/bgt3620,1,1
Intel,jrfastab/rocker-net-next,1,2
Intel,judacis/Galaxy-S2-Kernel,1,4
Intel,JuliaLang/julia,1,1
Intel,JuliaLang/METADATA.jl,1,29
Intel,JuliaPackageMirrors/CompilerTools.jl,1,36
Intel,k2wl/kernel.org,1,2
Intel,kangsterizer/linux-3.1.y-rsbac,1,7
Intel,kelo2014/HiBench,1,3
Intel,kiszk/spark-gpu,1,9
Intel,kmihelich/linux-espressobin,1,2
Intel,kmrhadoop/GitHub-Spark,1,18
Intel,kyotoda21/linux,1,2
Intel,latte-dev/android_kernel_xiaomi_latte,1,8
Intel,Leopard-X/MXNET,1,3
Intel,linux-scraping/linux-grsecurity,1,2
Intel,littlezhou/hsm_test,1,1
Intel,littlezhou/jniencrypt,1,13
Intel,littlezhou/julia-study,1,1
Intel,littlezhou/logs,1,14
Intel,littlezhou/repotest,2,3
Intel,littlezhou/script,1,7
Intel,littlezhou/SSMRuleParser,1,6
Intel,littlezhou/ttrepo,1,2
Intel,littlezhou/uboot,1,2
Intel,lzj0110/spark2,1,1
Intel,manjurgowda/c-blosc,1,1
Intel,mchalupa/weston,1,53
Intel,mclown/linux,1,2
Intel,MeetRishabh03/ApacheSpark,1,2
Intel,minhto2802/incubator-mxnet,1,3
Intel,MISL-EBU-System-SW/mainline-public,1,3
Intel,Murugan-natarajan/mxnet,1,3
Intel,nono5/kernel,1,2
Intel,OESF/linux-linaro-natty,1,11
Intel,onestepbystep/spark_core,1,1
Intel,OpenEtna/android_kernel,1,1
Intel,pali/linux-n900,1,2
Intel,photogamerun/spark,1,2
Intel,pilotmoon/PopClip-Extensions,1,1
Intel,ppratik2908/kafka-spark,1,2
Intel,prachiDev/mllib,1,2
Intel,prateek-s/dspark,1,2
Intel,prpplague/DSI85-Development,1,7
Intel,qijuexia/gnx,1,5
Intel,qiyuangong/Clustering_based_K_Anon,1,5
Intel,qiyuangong/Google_APAC,1,8
Intel,qiyuangong/Machine_Learning_in_Action,1,13
Intel,qiyuangong/NEC_based_Anonymization,1,16
Intel,qiyuangong/Python_Blind_Image_Watermarking,1,5
Intel,RadeonOpenCompute/ROCK-Kernel-Driver,1,3
Intel,Rashed97/android_kernel_nvidia_kernel_linux-4.4,1,2
Intel,raymond1860/ubifs-2.6,1,3
Intel,redlab-i/linux-rt,1,2
Intel,ricardon/omap-audio,1,1
Intel,rmcc/malata-kernel-smb_a1XXX,1,3
Intel,rockchip-linux/kernel,1,2
Intel,Rom-Fellas/android-omap-tuna,1,4
Intel,sachinmokashi/audio,1,2
Intel,Savaged-Zen/Savaged-Zen-Speedy,1,100
Intel,semdoc/linux-block,1,2
Intel,sergey-senozhatsky/linux-next-ss,1,3
Intel,shravan-padakanti/spark-source,1,1
Intel,sjtuhpcc/python-mxnet,1,1
Intel,skyapus/sparkAnn13,1,1
Intel,smspillaz/weston,1,18
Intel,SOD-EAS/kernel-eas,1,2
Intel,spafka/spark,1,2
Intel,sparkwql/https-github.com-apache-spark,1,1
Intel,sreerenjb/vaapi-intel-driver,1,1
Intel,Stane1983/linux,1,2
Intel,Taeung/linux,1,3
Intel,tianyiyunshu/spark_first,1,1
Intel,tianyiyunshu/spark_shuffle,1,1
Intel,timtianyang/litmus_tim,1,1
Intel,UnicronNL/vyos-kernel-utilite,1,2
Intel,vigour1000/-ubuntu-kernel,1,2
Intel,vijithreddy/Spark,1,10
Intel,weiqiLee/spark,2,24
Intel,Wifx/linux-at91,1,2
Intel,williamtu/net-next,1,3
Intel,x86-8/linux-3.2,1,5
Intel,xcgoner/mxnet-dist-exp,1,3
Intel,xuchengit/rt7gf9tiu94utjiogi9t30ujgidvj9dewapihv,1,2
Intel,yaohuan771634/ssm,1,48
Intel,YijingWang/linux-pci,1,2
Intel,yinscapital/-apache-incubator-mxnet,1,3
Intel,yinscapital/incubator-mxnet,1,3
Intel,yuewu001/mxnet,1,3
Intel,yzh2112/android_kernel_xiaomi_latte,1,3
Intel,z131031231/spark,1,1
Intel,zhjwpku/gsoc,1,1
Intel,zt706/mxnet_for_ssd,1,3
Microsoft,abdelrahmansaeedhassan/mvc,1,48
Microsoft,adamlooi/azure-quickstart-templates,1,30
Microsoft,AftabAnsari10662/musicstore,2,3
Microsoft,alielsonpiffer/aspnetidentity,1,1
Microsoft,ashiqali/aspnet,1,2
Microsoft,aspnet/Announcements,1,1
Microsoft,aspnet/Antiforgery,1,1
Microsoft,aspnet/benchmarks,1,1
Microsoft,aspnet/BrowserLink,1,1
Microsoft,aspnet/BuildTools,1,2
Microsoft,aspnet/Caching,1,1
Microsoft,aspnet/Configuration,2,9
Microsoft,aspnet/CORS,2,14
Microsoft,aspnet/DataProtection,1,1
Microsoft,aspnet/DependencyInjection,2,13
Microsoft,aspnet/Diagnostics,2,36
Microsoft,aspnet/Docs,1,2
Microsoft,aspnet/DotNetTools,1,1
Microsoft,aspnet/EntityFrameworkCore,1,1
Microsoft,aspnet/Entropy,1,16
Microsoft,aspnet/EventNotification,2,11
Microsoft,aspnet/FileSystem,1,1
Microsoft,aspnet/Home,1,1
Microsoft,aspnet/HtmlAbstractions,1,1
Microsoft,aspnet/HttpSysServer,2,15
Microsoft,aspnet/Identity,1,1
Microsoft,aspnet/JsonPatch,2,9
Microsoft,aspnet/KestrelHttpServer,1,1
Microsoft,aspnet/Localization,1,1
Microsoft,aspnet/Logging,2,2
Microsoft,aspnet/MetaPackages,1,1
Microsoft,aspnet/MusicStore,2,6
Microsoft,aspnet/Mvc,1,2
Microsoft,aspnet/MvcPrecompilation,1,1
Microsoft,aspnet/Options,1,1
Microsoft,aspnet/Razor,1,1
Microsoft,aspnet/ResponseCaching,1,1
Microsoft,aspnet/Routing,3,30
Microsoft,aspnet/Scaffolding,1,1
Microsoft,aspnet/Security,1,2
Microsoft,aspnet/ServerTests,1,8
Microsoft,aspnet/SignalR,1,1
Microsoft,aspnet/templating,1,5
Microsoft,aspnet/Testing,1,1
Microsoft,aspnet/WebSockets,1,2
Microsoft,Azure-Samples/aad-java-manage-passwords,1,1
Microsoft,Azure-Samples/acr-java-manage-azure-container-registry,1,2
Microsoft,Azure-Samples/app-service-dotnet-manage-web-apps-on-linux-with-custom-domains,1,4
Microsoft,Azure-Samples/app-service-java-deploy-image-from-acr-to-linux,1,1
Microsoft,Azure-Samples/app-service-java-manage-authentication-for-web-apps,1,4
Microsoft,Azure-Samples/app-service-java-manage-web-apps-on-linux,1,4
Microsoft,Azure-Samples/application-gateway-java-manage-simple-application-gateways,1,6
Microsoft,Azure-Samples/compute-dotnet-create-virtual-machines-from-generalized-image-or-specialized-vhd,1,4
Microsoft,Azure-Samples/compute-java-manage-virtual-machine-scale-sets,1,5
Microsoft,Azure-Samples/cosmosdb-dotnet-create-documentdb-and-configure-firewall,1,4
Microsoft,Azure-Samples/cosmosdb-java-create-documentdb-and-configure-firewall,1,1
Microsoft,Azure-Samples/cosmosdb-java-create-documentdb-and-configure-for-eventual-consistency,1,1
Microsoft,Azure-Samples/cosmosdb-java-create-documentdb-and-configure-for-high-availability,1,1
Microsoft,Azure-Samples/cosmosdb-java-create-documentdb-and-get-mongodb-connection-string,2,4
Microsoft,Azure-Samples/resources-java-manage-resource-group,1,4
Microsoft,Azure-Samples/search-dotnet-manage-search-service,1,5
Microsoft,Azure-Samples/storage-dotnet-manage-storage-accounts,1,4
Microsoft,Azure-Samples/storage-java-manage-storage-accounts,1,5
Microsoft,Azure/autorest.java,1,9
Microsoft,Azure/azure-libraries-for-java,2,10
Microsoft,Azure/azure-libraries-for-net,1,32
Microsoft,Azure/azure-relay-aspnetserver,1,3
Microsoft,Azure/azure-rest-api-specs,1,2
Microsoft,Azure/azure-storage-blob-go,1,19
Microsoft,Azure/azure-storage-fuse,1,2
Microsoft,Azure/azure-storage-java,1,12
Microsoft,Azure/azure-storage-net,1,6
Microsoft,Azure/azure-storage-python,1,9
Microsoft,azurejohn66/demoazuredeployment,1,2
Microsoft,billytrend/azure-rest-api-specs,1,2
Microsoft,bydgoszczanka90/musiclearn,1,2
Microsoft,coderIML/dotnet_corefx,1,1
Microsoft,depu9191/store,1,2
Microsoft,devops-collective-inc/summit-materials,1,1
Microsoft,dfoutsindy/AzureExamples,1,1
Microsoft,dotnet/templating,1,1
Microsoft,Eilon/Hubbup-data,1,1
Microsoft,GilliatM/Azure-Templates,1,12
Microsoft,HaishiBai/deck,1,3
Microsoft,HaishiBai/orca,1,1
Microsoft,hallco978/entityframework,1,8
Microsoft,hengsoheak/DotNetCore2Security,1,2
Microsoft,houmadi1407/Identity,1,19
Microsoft,Hwangjuyong/sample2,1,1
Microsoft,JamesWTruher/Markdown.MAML,1,2
Microsoft,JamesWTruher/PsFormattingTools,1,4
Microsoft,JargoonPard/SpinnakerAzureTestScripts,1,9
Microsoft,jkotalik/ANCMInProcessSite,1,4
Microsoft,jkotalik/ANCMOutOfProcApp,1,2
Microsoft,jkotalik/AncmSite,1,1
Microsoft,jkotalik/BlogServer,1,6
Microsoft,jkotalik/CToCSharpServer,1,1
Microsoft,jkotalik/KestrelLimitTest,1,2
Microsoft,jkotalik/mygithubpage,1,1
Microsoft,jkotalik/randoopEvaluation,1,3
Microsoft,jkotalik/SocketClient,1,2
Microsoft,junxy/entityframework,1,21
Microsoft,kfarmer-msft/asorrin-msft_azure-storage-net-pr,1,1
Microsoft,kfarmer-msft/erezvani1529_azure-storage-net-pr,1,6
Microsoft,lazedude/.coresample,1,1
Microsoft,linkedin/flashback,1,1
Microsoft,maumar/appweek2016,1,5
Microsoft,MaurycyM/poesniper,1,8
Microsoft,MicrosoftDocs/azure-docs,1,4
Microsoft,milesvdw/VJava-Atom,1,16
Microsoft,milismsft/AzureDockerPlugin,1,7
Microsoft,milismsft/install-scripts,1,2
Microsoft,milismsft/PostgreSQLSample,1,3
Microsoft,milismsft/SimpleAzureDockerPlugin,1,1
Microsoft,mohammedngum/aspnet,1,2
Microsoft,mono/entityframework,1,38
Microsoft,muleret/laughing-octo-computing-machine,2,61
Microsoft,nile2002/nethelp,1,1
Microsoft,OpenLocalizationTest/recomposed-history-mdonly,1,4
Microsoft,OSU-App-Club/iOSToDoListDemo,1,10
Microsoft,OSU-App-Club/OSU-App-Club.github.io,1,3
Microsoft,OSU-CS290-Sp2017/final-project-bughouse-1,1,27
Microsoft,pester/Pester,1,3
Microsoft,pha4/musicstore,1,2
Microsoft,PinkelNet/AzureStackQuickStartTemplates,1,1
Microsoft,PowerShell/Operation-Validation-Framework,1,13
Microsoft,PowerShell/platyPS,1,2
Microsoft,PowerShell/PowerShell-RFC,1,10
Microsoft,PowerShell/PowerShellStandard,1,12
Microsoft,rajrohith/blobstore,1,7
Microsoft,rcarun/hello-world,1,1
Microsoft,rickle-msft/azure-storage-java-async-old,2,44
Microsoft,rickle-msft/JavaSample,1,1
Microsoft,RikkiGibson/CombinatorParserCSharp,1,3
Microsoft,RikkiGibson/CSharpToFSharp,1,1
Microsoft,RikkiGibson/spa-poc,1,4
Microsoft,RikkiGibson/variation-parser,1,9
Microsoft,rowanmiller/RocketProfiler,1,19
Microsoft,rsumner31/powershell,1,53
Microsoft,rutarekaben/MusicShowBooking,1,2
Microsoft,sachrah/music,1,2
Microsoft,sathishreddy48/aspnetdocs,2,3
Microsoft,SecurityPlusX/SecurityPlus,1,2
Microsoft,SmarterApp/TDS_IRIS,1,1
Microsoft,spinnaker/deck,1,12
Microsoft,spinnaker/orca,1,2
Microsoft,struthj/SampleItemsWebsite,1,1
Microsoft,style198708/KestrelHttpServer,1,1
Microsoft,ThinhTD2401/AspNet.Identity,1,1
Microsoft,v-rasun/MusicStore1,1,2
Microsoft,wirehives/MusicStore,1,2
Microsoft,xxlive/Docs,1,2
Microsoft,zanthrash/clouddriver-old,1,10
NVIDIA,AmperificSuperKANG/kernel_hammerhead,1,1
NVIDIA,android-ia/platform_external_mesa,1,1
NVIDIA,anholt/mesa,1,19
NVIDIA,AOKP/kernel_asus_flo,1,1
NVIDIA,ArtifexSoftware/thirdparty-glfw,1,1
NVIDIA,bfg-repo-cleaner-demos/linux-original,1,2
NVIDIA,CapOM/mesa,1,3
NVIDIA,chenxli/High-Resolution-Image-Synthesis-and-Semantic-Manipulation-with-Conditional-GANsl-,1,2
NVIDIA,chrisy/linux,1,6
NVIDIA,chrschorn/CourseraML,1,26
NVIDIA,chrschorn/dotfiles,1,22
NVIDIA,chrschorn/FactorioRocketRemote,1,6
NVIDIA,chrschorn/GAppsScripts-utilities,1,2
NVIDIA,chrschorn/vim-config,1,22
NVIDIA,cornelltech/cs5785-fall-2017,1,23
NVIDIA,cphelps76/DEMENTEDElite_kernel_jf,1,1
NVIDIA,cretin45/htc-kernel-ruby,1,1
NVIDIA,CyanogenMod/android_kernel_bn_acclaim,1,1
NVIDIA,CyanogenMod/android_kernel_samsung_msm8930-common,1,3
NVIDIA,drod2169/KernelSanders-OMAP,1,1
NVIDIA,embeddedarm/linux-3.10.17-imx6,1,4
NVIDIA,emericg/vdpauinfo-vp8,1,5
NVIDIA,fschaefer/android-samsung-3.0-jb,1,1
NVIDIA,FunkForce5/funkforce5.github.io,1,13
NVIDIA,fynv/OpenGLSamples_ASTC,1,10
NVIDIA,gpuci/mesa,1,8
NVIDIA,groleo/mesa,1,4
NVIDIA,htdevices/linux-2.6-imx,1,1
NVIDIA,i-maravic/MPLS-Linux,1,5
NVIDIA,imirkin/mesa,1,3
NVIDIA,insop/sched-deadline2,1,1
NVIDIA,ivanich/wireless-testing_torvalds,1,2
NVIDIA,jimregan/tessdata-mine,1,4
NVIDIA,jimregan/tesseract-svn,1,11
NVIDIA,jlHertel/mesa,1,19
NVIDIA,jmaupay/JMA-D3DSamples,1,3
NVIDIA,JosephTom/PixarUSD,1,82
NVIDIA,juston-li/flo,1,1
NVIDIA,juston-li/Grouper_3.1.10,1,1
NVIDIA,kba/hocr-spec,1,1
NVIDIA,Kurre/kernel_exynos_OLD,1,1
NVIDIA,lgraesser/im2im2im,1,2
NVIDIA,libretro/parallel-n64,1,2
NVIDIA,LiquidSmooth-Devices/android_kernel_lge_hammerhead,1,3
NVIDIA,Mark092/android_kernel_samsung_common,1,1
NVIDIA,mesa3d/mesa,1,19
NVIDIA,mifl/android_kernel_pantech_ef45k,1,1
NVIDIA,mifl/android_kernel_pantech_presto,1,1
NVIDIA,MightyETsofRWTH/HashCode,1,3
NVIDIA,MightyETsofRWTH/HashCode2018,1,5
NVIDIA,mingyuliutw/CoGAN,1,7
NVIDIA,mingyuliutw/GIFs,1,1
NVIDIA,mingyuliutw/JointGeodesicUpsampling,1,5
NVIDIA,mingyuliutw/Research,1,6
NVIDIA,NamelessRom/android_kernel_lge_p880,1,1
NVIDIA,nbnt/real-time-rendering-demos,1,2
NVIDIA,nicholasbishop/mesa-docs,1,4
NVIDIA,nikez/android_kernel_htc_msm8660,1,1
NVIDIA,NVIDIA/Falcor,1,96
NVIDIA,NVIDIA/FastPhotoStyle,1,34
NVIDIA,NVIDIA/pix2pixHD,1,2
NVIDIA,NVIDIAGameWorks/D3DSamples,1,3
NVIDIA,NVIDIAGameWorks/DxrTutorials,1,9
NVIDIA,NVIDIAGameWorks/Falcor,1,89
NVIDIA,NVIDIAGameWorks/GraphicsSamples,1,35
NVIDIA,NVIDIAGameWorks/OpenGLSamples,1,13
NVIDIA,NVlabs/dlmodels,1,1
NVIDIA,NVlabs/dltrainers,1,13
NVIDIA,NVlabs/MUNIT,2,13
NVIDIA,NVlabs/ocrobin,1,12
NVIDIA,NVlabs/ocropus3,1,11
NVIDIA,omnirom/android_kernel_samsung_aries,1,1
NVIDIA,ORCAOSP/kernel_moto_wingray,1,1
NVIDIA,PantechDevTeam/android_kernel_pantech_p9070,1,1
NVIDIA,paul-xxx/kernel_sony_fuji-3.7,1,2
NVIDIA,PaulDoessel/USD,1,18
NVIDIA,raboof/linux,1,2
NVIDIA,RomanSoprano/Rs,1,34
NVIDIA,Samana/OpenGLSamples,1,5
NVIDIA,sbuss/ocropy,1,1
NVIDIA,SciAps/android-dm3730-kernel,1,1
NVIDIA,sergeytulyakov/mocogan,1,5
NVIDIA,sfjro/aufs3-linux,1,11
NVIDIA,shader-slang/slang,1,4
NVIDIA,skeggsb/Mesa,1,4
NVIDIA,SlimRoms/kernel_samsung_hlte,1,1
NVIDIA,SomethingExplosive/android_kernel_lge_hammerhead,1,1
NVIDIA,subdiff/xserver,1,3
NVIDIA,sunrain999/test,1,29
NVIDIA,svenkatr/linux,1,14
NVIDIA,tdaven/mesa,1,4
NVIDIA,TeamEvo/htc-kernel-msm8660,1,1
NVIDIA,tmbdev/archivefs,1,1
NVIDIA,tmbdev/docker-alpyne,1,2
NVIDIA,tmbdev/docker-kupyter,1,10
NVIDIA,tmbdev/extreme,1,7
NVIDIA,tmbdev/iuprlab,1,1
NVIDIA,tmbdev/kdask,1,8
NVIDIA,tmbdev/rast,1,2
NVIDIA,tmbdev/teaching-ncso,1,1
NVIDIA,tmbdev/tfspecs,1,2
NVIDIA,tmbdev/tmbdev.github.io,1,7
NVIDIA,tmzt/androix-xcb-libxcb,1,1
NVIDIA,victoredwardocallaghan/mesa-GLwork,1,4
NVIDIA,whistlerbrk/ocropus,1,5
NVIDIA,willowgarage/pr2-kernel,1,1
NVIDIA,wkatsak/mesa,1,3
NVIDIA,wuyx/pix2pixHD,1,2
NVIDIA,xobs/novena-linux,1,12
NVIDIA,xunhuang1995/AdaIN-style,1,27
NVIDIA,xunhuang1995/SGAN,1,30
NVIDIA,XuQiufeng/kernel_common,1,1
NVIDIA,yjwong/android_kernel_samsung_galaxys2,1,1
NVIDIA,yuq/mesa,1,2
NVIDIA,yxlao/caffe-coco,1,8
Oracle,0100111001000010/Homebrew,1,1
Oracle,aamirshahab/open_projects_2,1,12
Oracle,aamirshahab/Test_a_6,1,12
Oracle,acaldaya/openssl,1,1
Oracle,akki47/openssl-b,1,1
Oracle,alexchenfeng/homebrew,1,1
Oracle,amazing-gift/openssl_cn,1,1
Oracle,avnit/EGroovy,1,1
Oracle,ayejay/php7-smokepipe,1,25
Oracle,benlaurie/openssl-old-2,1,1
Oracle,bholt/linuxbrew,1,1
Oracle,bidle/homebrew,1,1
Oracle,Bilibili/openssl,1,1
Oracle,blaidlee/php-src,1,8
Oracle,bollinenisravan/oracledocker,1,3
Oracle,BPLSNico/openssl,1,1
Oracle,brightdigit/homebrew-speculid,1,1
Oracle,bto/whp,1,2
Oracle,budiwijaya/ipv6gen,1,3
Oracle,cj2big/php,1,1
Oracle,cjbj/test1,1,1
Oracle,Davidshid/Oracle,1,15
Oracle,deets/homebrew-formulas,1,1
Oracle,docker/docker-install,1,3
Oracle,expressjs/expressjs.com,1,7
Oracle,fasterthanlime/homebrew-mingw,1,1
Oracle,fernandmorausky/openssl,1,1
Oracle,FreeGrok/FreeGrok,1,12
Oracle,gary109/openssl,1,1
Oracle,gdevillele/gdevillele.github.io,1,20
Oracle,GPGTools/GPGKeychainAccess,1,8
Oracle,GPGTools/GPGPreferences,1,2
Oracle,GPGTools/GPGServices,1,5
Oracle,GPGTools/Libmacgpg,1,22
Oracle,GPGTools/pinentry-mac,1,2
Oracle,gvenzl/Oracle-CommittingData,1,9
Oracle,gvenzl/oracle-connection-tester,1,21
Oracle,gvenzl/Oracle-JavaOneSuperchargeCodeOptimalDBPerf,1,11
Oracle,gvenzl/oracle-perf-utils,1,13
Oracle,gvenzl/OracleCompressionAdvisor,1,6
Oracle,gvenzl/SimpleThreadPool,1,18
Oracle,gygias/yammer,1,1
Oracle,hbcbh1999/homebrew-test,1,1
Oracle,Homebrew/legacy-homebrew,1,1
Oracle,IAIK/daps-dl,1,1
Oracle,idodeclare/dhcpcd,1,2
Oracle,idodeclare/event_formatted_message,1,1
Oracle,idodeclare/idodeclare.github.io,1,3
Oracle,idodeclare/libvirt,1,2
Oracle,illumos/illumos-gate,1,5
Oracle,j0esgithub/Homebrew,1,1
Oracle,jeapi-b/openssl,1,1
Oracle,jruzzi/tutee-poc,1,10
Oracle,Kamik423/hombrew-core,1,1
Oracle,kenmays/solaris-userland-20180329,1,5
Oracle,krahman/locomotive,1,1
Oracle,kwadade/LearnRuby,1,1
Oracle,lechery/ssl,1,1
Oracle,lilinleeli1234/L,1,1
Oracle,Linuxbrew/homebrew-core,1,1
Oracle,Linuxbrew/legacy-linuxbrew,1,1
Oracle,luluandleilei/openssl,1,1
Oracle,m2mi/openssl_speck,1,1
Oracle,magurosan/OpenSSL,1,1
Oracle,malibuworkcrew/murakami,1,5
Oracle,malibuworkcrew/wookiee-colossus,1,7
Oracle,Mattlk13/openssl,1,1
Oracle,Mellanox/tls-openssl,1,1
Oracle,mistydemeo/tigerbrew,1,1
Oracle,Mohamed-Deghady/db-sample-schemas,1,4
Oracle,mojiezhong/offeruptap,1,1
Oracle,motuvr/homebrew-core,1,1
Oracle,mriccell/docker-image-new,1,8
Oracle,mrmanc/log-ninja,1,2
Oracle,mwz/sonar-scala,1,2
Oracle,networkupstools/nut,1,1
Oracle,nomaro/SickBeard_Backup,1,21
Oracle,OpenGrok/addons,1,3
Oracle,OpenGrok/platform,1,4
Oracle,oracle/db-sample-schemas,1,4
Oracle,oracle/docker-images,2,21
Oracle,oracle/infinity-ios-sdk,1,1
Oracle,oracle/opengrok,1,17
Oracle,oracle/solaris-userland,1,5
Oracle,oracle/weblogic-deploy-tooling,1,2
Oracle,oracle/weblogic-kubernetes-operator,2,83
Oracle,oracle/wookiee,1,15
Oracle,oracle/wookiee-cache,1,11
Oracle,oracle/wookiee-etcd,1,9
Oracle,oracle/wookiee-json,1,2
Oracle,oracle/wookiee-kafka,1,27
Oracle,oracle/wookiee-metrics,1,13
Oracle,oracle/wookiee-netty,1,13
Oracle,oracle/wookiee-socko,1,12
Oracle,oracle/wookiee-spray,2,8
Oracle,oracle/wookiee-zookeeper,1,1
Oracle,Orviss/AntExercise,1,1
Oracle,Orviss/AutocompleteExamples,1,4
Oracle,Orviss/BookReader,1,11
Oracle,Orviss/Kholinarium,1,13
Oracle,Orviss/TFTP,1,3
Oracle,Orviss/thesis,1,12
Oracle,paulkarwin/hellogithub,1,55
Oracle,pkrnjevic/brew,1,1
Oracle,puppetlabs/puppet,1,1
Oracle,rcortes67/openssl,1,1
Oracle,replicantsmk/openssl,1,1
Oracle,rhoffman3621/learn-rails,1,1
Oracle,rhuijben/openssl,1,1
Oracle,rowanj/BugzillaMigrate,1,1
Oracle,s-pace/expressjs.com,1,7
Oracle,sennychu/homebrew-mytap,1,1
Oracle,Shenjiaqi/xiaomi-distribution,1,2
Oracle,SophiaGitHub/newGitHub,1,4
Oracle,srbhgupta/cool,1,1
Oracle,ssmarko/ssl,1,1
Oracle,swasd/baleno,1,17
Oracle,syhw/homebrew,1,1
Oracle,tany-ovcharenko/depot,1,1
Oracle,taozhao/apache,1,1
Oracle,tarinigithub/docker,1,17
Oracle,thinblog/openssl,1,1
Oracle,thuai/boxen,1,1
Oracle,viraj-94/k8s-weblogic-operator,2,81
Oracle,vladak/aclcheck,1,4
Oracle,vladak/clang-format-SunOS,1,2
Oracle,vladak/dropbox,1,21
Oracle,vladak/ipv6gen,1,8
Oracle,vladak/reltest,1,13
Oracle,vovcat/nsping,1,4
Oracle,VyacheslavAlexeev/homebrew-core,1,1
Oracle,wangcheng3986/openSSL,1,1
Oracle,woodruffw/homebrew-test,1,1
Oracle,xlncz/openssl,1,1
Oracle,ymaxgit/openssl,1,1
Oracle,ZaK3939/finance,1,1
Oracle,zhangshuai930822/OpenGrok,1,19
Pivotal,Amit-PivotalLabs/consul-release,1,2
Pivotal,Amit-PivotalLabs/identity-release,1,2
Pivotal,Amit-PivotalLabs/postgres-release,1,2
Pivotal,Amit-PivotalLabs/prego-release,1,2
Pivotal,apoydence/eachers,1,2
Pivotal,bethehero/paramiko2,1,1
Pivotal,biswasdebsubhra/bbr-pcf-pipeline-tasks,1,1
Pivotal,buffalobill571/django-girls,1,8
Pivotal,Calligre/alpha,1,21
Pivotal,cc-daveloper/mist.io_paramiko,1,1
Pivotal,cfmobile/docs-push-notifications,1,1
Pivotal,chenyingnan/horizon,1,8
Pivotal,choffmeister/roboto-fontface-bower,1,1
Pivotal,cirosantilli/imagine-all-the-people,1,1
Pivotal,cloudfoundry-attic/cf-release,1,2
Pivotal,cloudfoundry-incubator/backup-and-restore-ci,1,13
Pivotal,cloudfoundry-incubator/bosh-backup-and-restore-test-releases,1,2
Pivotal,cloudfoundry-incubator/bosh-disaster-recovery-acceptance-tests,1,1
Pivotal,cloudfoundry-incubator/disaster-recovery-acceptance-tests,1,18
Pivotal,cloudfoundry-incubator/exemplar-backup-and-restore-release,1,1
Pivotal,cloudfoundry/cf-deployment,1,3
Pivotal,cloudfoundry/cf-networking-release,1,5
Pivotal,cloudfoundry/docs-bbr,1,8
Pivotal,cloudfoundry/docs-book-cloudfoundry,3,13
Pivotal,cloudfoundry/docs-cfcr,1,1
Pivotal,cloudfoundry/docs-cloudfoundry-concepts,2,19
Pivotal,cloudfoundry/docs-dev-guide,1,12
Pivotal,cloudfoundry/docs-services,2,4
Pivotal,cloudfoundry/noaa,1,5
Pivotal,Covisint-PST/cf-releases-v210,1,2
Pivotal,cshollingsworth/hello-world,1,3
Pivotal,DjangoGirls/tutorial,1,8
Pivotal,elenasharma/spring-actuator-acceptance,1,4
Pivotal,Emymyrtille/ErasmusMC,1,2
Pivotal,eosores/SpringSource-spring-batch,1,2
Pivotal,ericljpemberton/ECE358,1,5
Pivotal,etternagame/etterna,1,1
Pivotal,flangewad/calculator,1,3
Pivotal,flangewad/personal-recorder,1,1
Pivotal,fuel-infra/puppet-horizon,1,2
Pivotal,fuel-infra/puppet-ironic,1,3
Pivotal,ghanna2017/test,1,7
Pivotal,hjarmstrong/cs247,1,13
Pivotal,jacknewberry/bash-completions,1,17
Pivotal,jacknewberry/diamond,1,1
Pivotal,jacknewberry/healthchart,1,4
Pivotal,jasmine/jasmine,1,1
Pivotal,jberney/air-traffic-control,1,26
Pivotal,jberney/arrow-smashing-game,1,17
Pivotal,jberney/availability-checker,1,2
Pivotal,jberney/bosh-release-tracker-labeller,1,4
Pivotal,jberney/fake-cloud-controller,1,1
Pivotal,jberney/mock-amjs-invitations,1,2
Pivotal,jberney/mock-amjs-spring-app,1,3
Pivotal,jberney/mock-mailinator,1,2
Pivotal,jberney/node-cloud-controller,1,13
Pivotal,jberney/pui-node,1,5
Pivotal,jsenjali/paramiko,1,1
Pivotal,klueska-mesosphere/remote-pty,1,1
Pivotal,krismaya/great,1,8
Pivotal,lcccyb/stepmania,1,1
Pivotal,LongCaoBK/horizon,1,2
Pivotal,mail2nsrajesh/horizon,1,2
Pivotal,mail2nsrajesh/magnum-ui,1,1
Pivotal,mail2nsrajesh/puppet-horizon,1,1
Pivotal,meishaoyong/study,1,2
Pivotal,mkarpiarz/puppet-horizon,1,1
Pivotal,mkowalski/htcondor-playground,1,1
Pivotal,monkey518369/spring,1,31
Pivotal,Mordequess/ece358,1,1
Pivotal,mrosecrance/cf-redis-benchmark,1,2
Pivotal,mrosecrance/CS160-Speech-Tutor,1,10
Pivotal,mrosecrance/ginkgo-package,1,4
Pivotal,mrosecrance/inboxTheme,1,6
Pivotal,mrosecrance/PhotoPainter,1,3
Pivotal,mrosecrance/whereIsTheWater,1,3
Pivotal,openstack/deb-fonts-roboto-fontface,1,1
Pivotal,openstack/mistral-dashboard,1,2
Pivotal,openstack/openstack,1,1
Pivotal,openstack/puppet-horizon,1,2
Pivotal,paramiko/paramiko,1,1
Pivotal,Pivotal-Boulder/IDE-Preferences,1,1
Pivotal,pivotal-cf-experimental/docs-utility-scripts,1,1
Pivotal,pivotal-cf-experimental/hula,1,1
Pivotal,pivotal-cf-experimental/prof,1,1
Pivotal,pivotal-cf/bbr-pcf-pipeline-tasks,1,1
Pivotal,pivotal-cf/cf-rabbitmq-multitenant-broker-release,1,1
Pivotal,pivotal-cf/cf-rabbitmq-release,1,7
Pivotal,pivotal-cf/cf-redis-broker,2,8
Pivotal,pivotal-cf/cf-redis-example-app,1,1
Pivotal,pivotal-cf/cf-redis-release,2,37
Pivotal,pivotal-cf/cf-redis-smoke-tests,2,5
Pivotal,pivotal-cf/credhub-release,1,1
Pivotal,pivotal-cf/docs-a9s-bosh,1,2
Pivotal,pivotal-cf/docs-a9s-rabbitmq,1,4
Pivotal,pivotal-cf/docs-a9s-redis,1,6
Pivotal,pivotal-cf/docs-addon-antivirus,1,3
Pivotal,pivotal-cf/docs-addon-ipsec,1,1
Pivotal,pivotal-cf/docs-altoros-aws-s3,1,1
Pivotal,pivotal-cf/docs-altoros-heartbeat,1,5
Pivotal,pivotal-cf/docs-altoros-logsearch,1,4
Pivotal,pivotal-cf/docs-apigee,1,2
Pivotal,pivotal-cf/docs-aws-services,1,3
Pivotal,pivotal-cf/docs-azure,1,1
Pivotal,pivotal-cf/docs-azure-analytics,1,3
Pivotal,pivotal-cf/docs-book-antivirus,1,8
Pivotal,pivotal-cf/docs-book-aws-service-broker,1,3
Pivotal,pivotal-cf/docs-book-cloud-cache,1,3
Pivotal,pivotal-cf/docs-cloud-cache,1,2
Pivotal,pivotal-cf/docs-contrast-service-broker,1,1
Pivotal,pivotal-cf/docs-datadog,2,6
Pivotal,pivotal-cf/docs-datastax-enterprise,1,3
Pivotal,pivotal-cf/docs-datical,1,1
Pivotal,pivotal-cf/docs-dynatrace,1,1
Pivotal,pivotal-cf/docs-dynatrace-fullstack-addon,1,1
Pivotal,pivotal-cf/docs-ecs-service-broker,2,11
Pivotal,pivotal-cf/docs-edb-postgres-ark-sb,1,11
Pivotal,pivotal-cf/docs-f5-container-connector,1,1
Pivotal,pivotal-cf/docs-gitlab,2,3
Pivotal,pivotal-cf/docs-gluon-cloudlink,1,1
Pivotal,pivotal-cf/docs-identity,1,19
Pivotal,pivotal-cf/docs-metrics,3,5
Pivotal,pivotal-cf/docs-metrics-forwarder,1,2
Pivotal,pivotal-cf/docs-mongodb-managed,1,7
Pivotal,pivotal-cf/docs-new-relic,1,3
Pivotal,pivotal-cf/docs-new-relic-nozzle,1,3
Pivotal,pivotal-cf/docs-on-demand-service-broker,1,6
Pivotal,pivotal-cf/docs-partners-template,1,2
Pivotal,pivotal-cf/docs-pcf-gsg,1,14
Pivotal,pivotal-cf/docs-pcf-install,2,13
Pivotal,pivotal-cf/docs-pcf-windows,1,3
Pivotal,pivotal-cf/docs-pdfs,1,3
Pivotal,pivotal-cf/docs-rabbitmq-pcf,1,9
Pivotal,pivotal-cf/docs-redis,3,27
Pivotal,pivotal-cf/docs-redislabs-enterprise,1,5
Pivotal,pivotal-cf/docs-rle-service-broker,1,1
Pivotal,pivotal-cf/docs-scheduler,1,3
Pivotal,pivotal-cf/docs-signal-sciences,1,2
Pivotal,pivotal-cf/docs-snyk-service-broker,1,3
Pivotal,pivotal-cf/docs-spring-cloud-dataflow,1,4
Pivotal,pivotal-cf/docs-tiledev,1,1
Pivotal,pivotal-cf/docs-vmware-harbor,1,5
Pivotal,pivotal-cf/go-binmock,1,1
Pivotal,pivotal-cf/metrics-datadog-dashboard,1,1
Pivotal,pivotal-cf/on-demand-service-broker-release,1,2
Pivotal,pivotal-cf/pivotal-ui,1,12
Pivotal,pivotal-cf/pui-react-tools,1,1
Pivotal,pivotal-cf/pui-styleguide,1,19
Pivotal,pivotal-cf/pui-tech-talk-2017,1,9
Pivotal,pivotal-cf/redis-reference-architecture,2,16
Pivotal,Pivotal-Christopher-Wong/Mall_Directory,1,3
Pivotal,Pivotal-Christopher-Wong/Ruby-HelloWorld,1,6
Pivotal,Pivotal-Christopher-Wong/Ruby-SampleApp,1,11
Pivotal,Pivotal-Christopher-Wong/Ruby-ToyApp,1,4
Pivotal,pivotalsoftware/pcf-scheduler-release,1,7
Pivotal,Scraticus/projectmoondance,1,1
Pivotal,sjolicoeur/create-pui-app,1,6
Pivotal,spring-cloud/spring-cloud-deployer-yarn,1,5
Pivotal,spring-cloud/spring-cloud-open-service-broker,1,2
Pivotal,spring-projects/spring-data-geode,1,11
Pivotal,spring-projects/spring-data-jdbc-ext,1,7
Pivotal,spring-projects/spring-data-solr,1,36
Pivotal,spring-projects/spring-security-saml-dsl,1,6
Pivotal,starlingx-staging/stx-horizon,1,11
Pivotal,steamboatsonic/Sonic-Stepmania,1,1
Pivotal,stepmania/stepmania,1,1
Pivotal,StevenLocke/dashboardSampleSetUp,1,9
Pivotal,StevenLocke/Gooble,1,2
Pivotal,StevenLocke/warOfOmensPackCounter,1,7
Pivotal,TheKevJames/juicyj,1,6
Pivotal,throwawaytest8472/worker-app,1,2
Pivotal,totherme/nosj,1,25
Pivotal,wesbasinger/bottleboys,1,8
Pivotal,williammartin/garden-curator,1,2
Pivotal,xingchenqishiljg/openstack,1,1
Pivotal,yexiaoxin1992/Openstack,1,1
Pivotal,yoga30696/Python_UMich,1,21
Redhat,271560sj/moby,1,1
Redhat,abrt/abrt-ansible,1,1
Redhat,abrt/container-exception-logger,1,1
Redhat,agehlers/jboss-quickstarts,1,9
Redhat,alexthaii/quickstart,1,7
Redhat,andrewhsu/docker-linux-pkg,1,1
Redhat,Aorjoa/docker-arm,1,1
Redhat,arifch2009/docker_reference,1,1
Redhat,Babyscarf/Test,1,1
Redhat,candlepin/thumbslug,1,1
Redhat,celestegroup/celestegroup.github.io,1,1
Redhat,chao822/docker-ce,1,1
Redhat,circleci/docker,1,1
Redhat,containers/storage,1,1
Redhat,containerslanguages/js,1,1
Redhat,DarkSide7H/FortAwesome,1,3
Redhat,devassistant/devassistant-assistants-fedora,1,3
Redhat,docker/docker.github.io,1,1
Redhat,docwhat/networktest,1,1
Redhat,dtcui/docker,1,1
Redhat,eclipse/che-dependencies,1,1
Redhat,eclipse/che-dockerfiles,1,1
Redhat,eclipse/che-docs,1,3
Redhat,eclipse/reddeer,1,1
Redhat,EdCo95/COMP3096-colournaming,1,5
Redhat,everyonehelp/helpmeplz,1,1
Redhat,fabric8-services/che-tenant-maintainer,1,1
Redhat,fabric8-services/fabric8-che,1,2
Redhat,fabric8io/fabric8-platform,1,1
Redhat,fabric8io/kubernetes-client,1,1
Redhat,fbricon/eclipsecon-demos,1,4
Redhat,fbricon/groovy-kitchensink,1,5
Redhat,fbricon/m2e-forge,1,1
Redhat,fbricon/webstuff,1,1
Redhat,fedora-copr/fedora-copr.github.io,1,1
Redhat,fedora-infra/fas,1,4
Redhat,fedora-python/pyp2rpm,1,1
Redhat,fedora-python/python-ethtool,1,2
Redhat,fedora-ruby/gem2rpm,1,1
Redhat,forge/forge.github.com,1,2
Redhat,fuhuasheng/docker,1,1
Redhat,gbraad/build-run-che,1,1
Redhat,gome-zhaojiuyang/docker,1,1
Redhat,grenne/quickstart,1,8
Redhat,GulliverJ/UCL_IRDM_2017_G35,1,8
Redhat,headmelted/codebuilds,1,1
Redhat,headmelted/codebuilds-retired,1,1
Redhat,henrysher/yum-utils,1,7
Redhat,hyperhq/hypercli,1,1
Redhat,ibuziuk-test/test-account-workspace-migration,1,1
Redhat,ibuziuk/asda,1,1
Redhat,ibuziuk/asdasdaa,1,1
Redhat,ibuziuk/Blog_Final,1,11
Redhat,ibuziuk/eclipse.platform.text,1,1
Redhat,ibuziuk/jsdt-node-test-project,1,6
Redhat,ibuziuk/license-demo,1,12
Redhat,ibuziuk/spring-boot-demo,1,1
Redhat,ibuziuk/testaskdalska,1,1
Redhat,ibuziuk/trest-vert,1,1
Redhat,ignacioburon/microservices-demo,1,1
Redhat,janish21/JARVIS,1,1
Redhat,javaee-samples/getting-started,1,1
Redhat,jbdevstudio/jbdevstudio-product,1,1
Redhat,jboss-developer/jboss-eap-quickstarts,1,2
Redhat,jboss-developer/jboss-stacks,1,16
Redhat,jbossdemocentral/continuous-delivery-demo,1,1
Redhat,jbossdemocentral/site,1,1
Redhat,jbosstools/jbosstools-aerogear,1,6
Redhat,jbosstools/jbosstools-archetypes,1,8
Redhat,jbosstools/jbosstools-build-sites,1,1
Redhat,jbosstools/jbosstools-central,1,1
Redhat,jbosstools/jbosstools-forge,1,5
Redhat,jbosstools/jbosstools-javaee,1,1
Redhat,jbosstools/jbosstools-playground,1,2
Redhat,jbosstools/jbosstools-vpe,1,6
Redhat,jbosstools/jiralint,1,3
Redhat,joansmith/core,1,1
Redhat,joansmith3/core,1,1
Redhat,Katello/katello-misc,1,3
Redhat,Katka92/firstproject,1,1
Redhat,Katka92/myvertxhello,1,7
Redhat,kbsingh/build-run-che,1,2
Redhat,kenieevan/learnDocker,1,1
Redhat,Khoaitaymocmam/Docker_modify,1,1
Redhat,krischanglaesel/checloud,1,10
Redhat,kvchampa/Docker,1,1
Redhat,l0rd/demo-avec-fred,1,1
Redhat,l0rd/dockerfiles,1,7
Redhat,l0rd/javahelloworld2,1,3
Redhat,l0rd/mario-test-space-in-brno,1,1
Redhat,l0rd/my-space,1,1
Redhat,l0rd/old-unmaintained-rh-che,1,3
Redhat,l0rd/spring-boot-problem,1,1
Redhat,l0rd/springbootbooster,1,1
Redhat,l0rd/talks,1,2
Redhat,l0rd/thisisatest,1,1
Redhat,l0rd/vertx-demo-170615,1,3
Redhat,LeonieKruger/docker_new,1,1
Redhat,LightGuard/arquillian-openwebbeans-war-support,1,2
Redhat,LightGuard/html_emmet_matcher,1,2
Redhat,LightGuard/seam-git-migration,1,3
Redhat,LightGuard/writeadapt-lightguard,1,4
Redhat,lllanos/Docker-Docs,1,1
Redhat,lvc/vtable-dumper,1,2
Redhat,madcoder2k17/visualstudio-code,1,1
Redhat,Mattlk13/docker2,1,1
Redhat,Mattlk13/eclipse-che,1,7
Redhat,maxandersen/jbosstools-integration-tests,1,2
Redhat,maxandersen/jbott-irc2html,1,1
Redhat,mickaelistria/jbdevstudio-discovery,1,17
Redhat,Microsoft/vscode,1,1
Redhat,minishift/minishift-addons,1,1
Redhat,mjbright/thephedds,1,7
Redhat,molw/postgisservice,1,8
Redhat,musasesay/moby,1,1
Redhat,niccokunzmann/first_timer_scraper,1,3
Redhat,nir0s/distro,1,1
Redhat,nongjize/cobbler,1,1
Redhat,nven/webtools.javaee,1,2
Redhat,openshift/openshift-restclient-java,1,8
Redhat,openshiftio/openshiftio-cico-jobs,4,26
Redhat,openSUSE/obs-build,1,1
Redhat,openSUSE/osc,1,1
Redhat,osioide-bot/a-midsummer-nights-app,1,1
Redhat,osioide-bot/test-scenario,1,1
Redhat,osmcz/api,1,2
Redhat,PancakeBot/PancakePainter,1,1
Redhat,pmacik/openshiftio-performance-common,1,3
Redhat,portworx/docker_v1.9.0,1,1
Redhat,project-draco-hr/elasticsearch,1,1
Redhat,redhat-cop/containers-quickstarts,1,10
Redhat,redhat-developer/che-dockerfiles,1,9
Redhat,redhat-developer/che-functional-tests,2,71
Redhat,redhat-developer/rpm-packaging-guide,1,1
Redhat,redhat-developer/vscode-yaml,1,1
Redhat,redhat-helloworld-msa/aloha,1,1
Redhat,reyesj1988/Codecombat,1,1
Redhat,rht-labs/enablement-ci-cd,2,10
Redhat,rht-labs/enablement-docs,1,1
Redhat,rht-labs/practice-library,1,1
Redhat,richfaces/jdf-quickstarts,1,8
Redhat,rpm-software-management/dnf,1,2
Redhat,rpm-software-management/yum-utils,1,7
Redhat,rubis-lab/eclipse.platform.text,1,1
Redhat,Rumyra/Font-Awesome-SVGs,1,3
Redhat,sclorg/softwarecollections,1,37
Redhat,ScrewTSW/eclipseche,1,1
Redhat,ScrewTSW/eclipseche-test3,1,1
Redhat,ScrewTSW/eclipseche2,1,1
Redhat,ScrewTSW/test,1,1
Redhat,ScrewTSW/workspace,1,1
Redhat,seam/compatibility,1,1
Redhat,sgayou/kindle-5.6.5-jailbreak,1,30
Redhat,sgayou/kindle-factory-jailbreak,1,5
Redhat,sgayou/medfusion-4000-research,1,1
Redhat,sgayou/rbasefind,1,28
Redhat,shenson/cobbler,1,1
Redhat,smorineau/zen-vps,1,1
Redhat,springdo/aperto-blue-list,1,14
Redhat,springdo/BlueStubby,1,2
Redhat,springdo/Bookmark-Manager,1,15
Redhat,springdo/Bookmark-Manager-Cloudant,1,2
Redhat,springdo/companyxyz-ci-cd,1,2
Redhat,springdo/go-learning,1,7
Redhat,springdo/gource-it,1,2
Redhat,springdo/IBM-MFP-iBeacon-Android-Native,1,2
Redhat,springdo/jenkins-s2i,1,6
Redhat,springdo/MFP-DevWorks-CI,1,3
Redhat,springdo/MobileFirstPlatform101,1,1
Redhat,springdo/rc-files,1,2
Redhat,springdo/react-starter-app,1,17
Redhat,springdo/repo-to-bitbucket,1,9
Redhat,springdo/WorklightAdapterTestHarness,1,2
Redhat,stalet/ticket-monster,1,4
Redhat,strapdata/elassandra-test,1,1
Redhat,struberg/cdi-old,1,5
Redhat,sudosurootdev/moby,1,1
Redhat,sunline/codecombat,1,1
Redhat,surias/suryatest,1,7
Redhat,swasd/baleno,1,1
Redhat,takari/io.takari.m2e.team,1,1
Redhat,tesla/m2eclipse-mavenarchiver,1,11
Redhat,tesla/m2eclipse-tycho,1,4
Redhat,Test-Betta-Inc/psychic-barnacle,1,1
Redhat,tetrafolium/moby,1,1
Redhat,thpeng/seam-wicket,1,1
Redhat,timlau/FedoraReview,1,1
Redhat,Tompage1994/example-go,2,11
Redhat,Tompage1994/FinalYearProject,1,6
Redhat,Tompage1994/stryker-config,1,4
Redhat,TonyChai24/ESSource,1,1
Redhat,uk0/Docker,1,1
Redhat,vijaykilari/docker-arm64,1,1
Redhat,weld/core,1,1
Redhat,weld/extensions,1,3
Redhat,wildfly/maven-plugins,1,13
Redhat,wuxxx/tool,1,2
Redhat,xinyangithub/codecombat,1,1
Redhat,xsuchy/popularity-contest,1,1
Redhat,xsuchy/rpm-spec-wizard,1,9
Redhat,ymaxgit/moby,1,1
Redhat,ypreiger/ticket-monster,1,6
Redhat,Yuan-W/OTSS,1,19
Redhat,Zenika/NC-Docker-Avance,1,12
Redhat,Zenika/newzletter,1,1
Redhat,Zenika/zenika-formation-framework,1,5
Redhat,zzpu/docker,1,1
Samsung,adblockplus/chromium-src-build,1,2
Samsung,BadLamb/dexm-vm,1,15
Samsung,bhearsum-bors/servo,1,49
Samsung,Caprica666/vixen,1,1
Samsung,chromium/chromium,2,13
Samsung,chunseoklee/jerryscript,1,7
Samsung,clbr/webkitfltk,1,2
Samsung,crosswalk-project/blink-crosswalk,2,6
Samsung,crosswalk-project/chromium-crosswalk,2,13
Samsung,crosswalk-project/chromium-efl,1,2
Samsung,discordapp/chromium-build,1,2
Samsung,dumganhar/gn-build,1,2
Samsung,gearvrf/GearVRf-Tests,2,125
Samsung,gombos/dotfiles,1,19
Samsung,highweb-project/highweb-webcl-html5spec,1,1
Samsung,hujiajie/chromium-webcl,2,13
Samsung,huningxin/chromium,1,7
Samsung,iridium-browser/iridium-browser,1,7
Samsung,Liahim/mesto,1,20
Samsung,lightspeedgraphics/assimp,1,3
Samsung,lvidacs/jerryscript_old,1,1
Samsung,modulesio/webrtc-build,1,2
Samsung,NolaDonato/assimp-gvrf,1,8
Samsung,NolaDonato/bondage,1,9
Samsung,NolaDonato/unity-gvrf-tests,1,5
Samsung,NolaDonato/vrbenchmark,1,2
Samsung,nwjs/blink,2,6
Samsung,nwjs/chromium-iot,2,13
Samsung,nwjs/chromium.src,1,3
Samsung,ponycheng0/build,1,2
Samsung,primiano/blink-gitcs,2,6
Samsung,roblabla/rust-libstd,1,8
Samsung,Rokid/ShadowNode,1,10
Samsung,Samsung/iotjs,1,16
Samsung,servo/core-text-rs,1,1
Samsung,servo/servo,1,27
Samsung,siliconjs/chromium,2,13
Samsung,srinivasrk/AndroidVRApp,1,24
Samsung,suitabletech/webrtc_src_build,1,2
Samsung,suitabletech/webrtc_src_third_party,1,2
Samsung,szeged/Freya,1,15
Samsung,szledan/jerryscript-old,1,1
Samsung,tojocky/gn_build_common,1,2
Samsung,wallerm/TestPro,1,3
Samsung,webrtc-uwp/chromium-build,1,2
Samsung,zherczeg/matrix_font_gen,1,2
Samsung,zherczeg/pcresp,1,6
